seri,tarih,milyon_tl
Bireysel kredi kartları,2025-07-11,96473.245
Bireysel kredi kartları,2025-07-18,97070.015
Bireysel kredi kartları,2025-07-25,96874.524
Bireysel kredi kartları,2025-08-01,99055.51
Bireysel kredi kartları,2025-08-08,100397.176
Bireysel kredi kartları,2025-08-15,99850.471
Bireysel kredi kartları,2025-08-22,100999.555
Bireysel kredi kartları,2025-08-29,101956.943
Bireysel kredi kartları,2025-09-05,102878.252
Bireysel kredi kartları,2025-09-12,103898.869
Bireysel kredi kartları,2025-09-19,105295.958
Bireysel kredi kartları,2025-09-26,105287.099
Bireysel kredi kartları,2025-10-03,107535.025
Bireysel kredi kartları,2025-10-10,108871.445
Bireysel kredi kartları,2025-10-17,110638.54
Bireysel kredi kartları,2025-10-24,111968.646
Bireysel kredi kartları,2025-10-31,113315.62
Bireysel kredi kartları,2025-11-07,115236.227
Bireysel kredi kartları,2025-11-14,115034.537
Bireysel kredi kartları,2025-11-21,115659.539
Bireysel kredi kartları,2025-11-28,117613.785
Bireysel kredi kartları,2025-12-05,119972.829
Bireysel kredi kartları,2025-12-12,121231.788
Bireysel kredi kartları,2025-12-19,121651.138
Bireysel kredi kartları,2025-12-26,122463.95
Bireysel kredi kartları,2026-01-02,125238.591
Bireysel kredi kartları,2026-01-09,128592.472
Bireysel kredi kartları,2026-01-16,130918.457
Bireysel kredi kartları,2026-01-23,132727.511
Bireysel kredi kartları,2026-01-30,135336.979
Bireysel kredi kartları,2026-02-06,136225.505
Bireysel kredi kartları,2026-02-13,138800.571
Bireysel kredi kartları,2026-02-20,140885.161
Bireysel kredi kartları,2026-02-27,140256.005
Bireysel kredi kartları,2026-03-06,141387.124
Bireysel kredi kartları,2026-03-13,141730.684
Bireysel kredi kartları,2026-03-19,142995.342
Bireysel kredi kartları,2026-03-27,143164.762
Bireysel kredi kartları,2026-04-03,145588.068
Bireysel kredi kartları,2026-04-10,147647.879
Bireysel kredi kartları,2026-04-17,148833.183
Bireysel kredi kartları,2026-04-24,150118.238
Bireysel kredi kartları,2026-04-30,150867.659
Bireysel kredi kartları,2026-05-08,153576.355
Bireysel kredi kartları,2026-05-15,155437.76
Bireysel kredi kartları,2026-05-22,153657.786
Bireysel kredi kartları,2026-05-26,155480.757
Bireysel kredi kartları,2026-06-05,160453.361
Bireysel kredi kartları,2026-06-12,164542.151
Bireysel kredi kartları,2026-06-19,165934.452
Bireysel kredi kartları,2026-06-26,168157.959
Bireysel kredi kartları,2026-07-03,170158.448
Bireysel kredi kartları,2026-07-10,173273.889
Bireysel kredi kartları,2026-07-17,176809.196
Bireysel kredi kartları,2026-07-24,178795.509
Bireysel kredi kartları,2026-07-31,179823.781
Bireysel kredi kartları,2026-08-07,183700.912
Bireysel kredi kartları,2026-08-14,185127.951
Bireysel kredi kartları,2026-08-21,187376.997
Bireysel kredi kartları,2026-08-28,188864.652
Bireysel kredi kartları,2026-09-04,192962.065
Bireysel kredi kartları,2026-09-11,194047.787
Bireysel kredi kartları,2026-09-18,194447.583
Bireysel kredi kartları,2026-09-25,196693.344
Bireysel kredi kartları,2026-10-02,199771.706
Konut kredileri,2025-07-11,917.734
Konut kredileri,2025-07-18,916.04
Konut kredileri,2025-07-25,912.154
Konut kredileri,2025-08-01,935.349
Konut kredileri,2025-08-08,947.528
Konut kredileri,2025-08-15,973.789
Konut kredileri,2025-08-22,965.607
Konut kredileri,2025-08-29,980.592
Konut kredileri,2025-09-05,984.638
Konut kredileri,2025-09-12,977.202
Konut kredileri,2025-09-19,997.849
Konut kredileri,2025-09-26,988.36
Konut kredileri,2025-10-03,1001.964
Konut kredileri,2025-10-10,1003.209
Konut kredileri,2025-10-17,1021.358
Konut kredileri,2025-10-24,1039.226
Konut kredileri,2025-10-31,1047.181
Konut kredileri,2025-11-07,1032.202
Konut kredileri,2025-11-14,1073.165
Konut kredileri,2025-11-21,1068.495
Konut kredileri,2025-11-28,1049.402
Konut kredileri,2025-12-05,1059.784
Konut kredileri,2025-12-12,1075.209
Konut kredileri,2025-12-19,1120.532
Konut kredileri,2025-12-26,1125.194
Konut kredileri,2026-01-02,1149.361
Konut kredileri,2026-01-09,1160.351
Konut kredileri,2026-01-16,1181.36
Konut kredileri,2026-01-23,1186.546
Konut kredileri,2026-01-30,1200.877
Konut kredileri,2026-02-06,1203.233
Konut kredileri,2026-02-13,1197.666
Konut kredileri,2026-02-20,1197.717
Konut kredileri,2026-02-27,1215.056
Konut kredileri,2026-03-06,1214.398
Konut kredileri,2026-03-13,1225.809
Konut kredileri,2026-03-19,1263.867
Konut kredileri,2026-03-27,1303.35
Konut kredileri,2026-04-03,1321.909
Konut kredileri,2026-04-10,1315.664
Konut kredileri,2026-04-17,1304.379
Konut kredileri,2026-04-24,1307.77
Konut kredileri,2026-04-30,1302.845
Konut kredileri,2026-05-08,1316.259
Konut kredileri,2026-05-15,1323.747
Konut kredileri,2026-05-22,1338.209
Konut kredileri,2026-05-26,1352.597
Konut kredileri,2026-06-05,1407.705
Konut kredileri,2026-06-12,1418.608
Konut kredileri,2026-06-19,1416.097
Konut kredileri,2026-06-26,1396.229
Konut kredileri,2026-07-03,1406.775
Konut kredileri,2026-07-10,1398.251
Konut kredileri,2026-07-17,1443.487
Konut kredileri,2026-07-24,1474.972
Konut kredileri,2026-07-31,1511.442
Konut kredileri,2026-08-07,1561.223
Konut kredileri,2026-08-14,1604.718
Konut kredileri,2026-08-21,1631.763
Konut kredileri,2026-08-28,1617.627
Konut kredileri,2026-09-04,1653.661
Konut kredileri,2026-09-11,1680.309
Konut kredileri,2026-09-18,1711.456
Konut kredileri,2026-09-25,1746.257
Konut kredileri,2026-10-02,1750.585
Tüketici kredileri (toplam),2025-07-11,91382.958
Tüketici kredileri (toplam),2025-07-18,91652.547
Tüketici kredileri (toplam),2025-07-25,91430.503
Tüketici kredileri (toplam),2025-08-01,95236.493
Tüketici kredileri (toplam),2025-08-08,95221.001
Tüketici kredileri (toplam),2025-08-15,95409.372
Tüketici kredileri (toplam),2025-08-22,95698.696
Tüketici kredileri (toplam),2025-08-29,97235.689
Tüketici kredileri (toplam),2025-09-05,97934.103
Tüketici kredileri (toplam),2025-09-12,98241.802
Tüketici kredileri (toplam),2025-09-19,99764.948
Tüketici kredileri (toplam),2025-09-26,99124.966
Tüketici kredileri (toplam),2025-10-03,101069.137
Tüketici kredileri (toplam),2025-10-10,101629.38
Tüketici kredileri (toplam),2025-10-17,103410.86
Tüketici kredileri (toplam),2025-10-24,104019.142
Tüketici kredileri (toplam),2025-10-31,106320.727
Tüketici kredileri (toplam),2025-11-07,107166.575
Tüketici kredileri (toplam),2025-11-14,108476.99
Tüketici kredileri (toplam),2025-11-21,108468.624
Tüketici kredileri (toplam),2025-11-28,110377.306
Tüketici kredileri (toplam),2025-12-05,111796.727
Tüketici kredileri (toplam),2025-12-12,112488.255
Tüketici kredileri (toplam),2025-12-19,113885.421
Tüketici kredileri (toplam),2025-12-26,113984.528
Tüketici kredileri (toplam),2026-01-02,117496.978
Tüketici kredileri (toplam),2026-01-09,119475.453
Tüketici kredileri (toplam),2026-01-16,122274.19
Tüketici kredileri (toplam),2026-01-23,123228.882
Tüketici kredileri (toplam),2026-01-30,125497.161
Tüketici kredileri (toplam),2026-02-06,125821.343
Tüketici kredileri (toplam),2026-02-13,127052.077
Tüketici kredileri (toplam),2026-02-20,129045.97
Tüketici kredileri (toplam),2026-02-27,129828.063
Tüketici kredileri (toplam),2026-03-06,130573.344
Tüketici kredileri (toplam),2026-03-13,129863.034
Tüketici kredileri (toplam),2026-03-19,131253.627
Tüketici kredileri (toplam),2026-03-27,130295.014
Tüketici kredileri (toplam),2026-04-03,132641.839
Tüketici kredileri (toplam),2026-04-10,133710.077
Tüketici kredileri (toplam),2026-04-17,135443.901
Tüketici kredileri (toplam),2026-04-24,136066.149
Tüketici kredileri (toplam),2026-04-30,136316.398
Tüketici kredileri (toplam),2026-05-08,138315.407
Tüketici kredileri (toplam),2026-05-15,139246.787
Tüketici kredileri (toplam),2026-05-22,137335.617
Tüketici kredileri (toplam),2026-05-26,138284.162
Tüketici kredileri (toplam),2026-06-05,141638.033
Tüketici kredileri (toplam),2026-06-12,144080.904
Tüketici kredileri (toplam),2026-06-19,146891.526
Tüketici kredileri (toplam),2026-06-26,147319.066
Tüketici kredileri (toplam),2026-07-03,150096.645
Tüketici kredileri (toplam),2026-07-10,152287.567
Tüketici kredileri (toplam),2026-07-17,156691.747
Tüketici kredileri (toplam),2026-07-24,158213.915
Tüketici kredileri (toplam),2026-07-31,159739.124
Tüketici kredileri (toplam),2026-08-07,161514.234
Tüketici kredileri (toplam),2026-08-14,164669.5
Tüketici kredileri (toplam),2026-08-21,165775.931
Tüketici kredileri (toplam),2026-08-28,167216.31
Tüketici kredileri (toplam),2026-09-04,170756.157
Tüketici kredileri (toplam),2026-09-11,172293.182
Tüketici kredileri (toplam),2026-09-18,175387.215
Tüketici kredileri (toplam),2026-09-25,175697.227
Tüketici kredileri (toplam),2026-10-02,179063.482
İhtiyaç kredileri,2025-07-11,90191.042
İhtiyaç kredileri,2025-07-18,90460.408
İhtiyaç kredileri,2025-07-25,90243.842
İhtiyaç kredileri,2025-08-01,94016.204
İhtiyaç kredileri,2025-08-08,93985.954
İhtiyaç kredileri,2025-08-15,94141.877
İhtiyaç kredileri,2025-08-22,94437.196
İhtiyaç kredileri,2025-08-29,95958.047
İhtiyaç kredileri,2025-09-05,96651.706
İhtiyaç kredileri,2025-09-12,96968.918
İhtiyaç kredileri,2025-09-19,98466.28
İhtiyaç kredileri,2025-09-26,97839.534
İhtiyaç kredileri,2025-10-03,99764.998
İhtiyaç kredileri,2025-10-10,100321.197
İhtiyaç kredileri,2025-10-17,102084.285
İhtiyaç kredileri,2025-10-24,102673.79
İhtiyaç kredileri,2025-10-31,104964.917
İhtiyaç kredileri,2025-11-07,105825.755
İhtiyaç kredileri,2025-11-14,107090.802
İhtiyaç kredileri,2025-11-21,107085.15
İhtiyaç kredileri,2025-11-28,109011.291
İhtiyaç kredileri,2025-12-05,110415.591
İhtiyaç kredileri,2025-12-12,111088.808
İhtiyaç kredileri,2025-12-19,112436.396
İhtiyaç kredileri,2025-12-26,112528.187
İhtiyaç kredileri,2026-01-02,116006.964
İhtiyaç kredileri,2026-01-09,117970.808
İhtiyaç kredileri,2026-01-16,120743.181
İhtiyaç kredileri,2026-01-23,121687.665
İhtiyaç kredileri,2026-01-30,123939.106
İhtiyaç kredileri,2026-02-06,124261.089
İhtiyaç kredileri,2026-02-13,125493.1
İhtiyaç kredileri,2026-02-20,127474.67
İhtiyaç kredileri,2026-02-27,128237.143
İhtiyaç kredileri,2026-03-06,128972.456
İhtiyaç kredileri,2026-03-13,128247.279
İhtiyaç kredileri,2026-03-19,129591.128
İhtiyaç kredileri,2026-03-27,128590.303
İhtiyaç kredileri,2026-04-03,130918.005
İhtiyaç kredileri,2026-04-10,131988.51
İhtiyaç kredileri,2026-04-17,133727.783
İhtiyaç kredileri,2026-04-24,134339.371
İhtiyaç kredileri,2026-04-30,134586.639
İhtiyaç kredileri,2026-05-08,136566.906
İhtiyaç kredileri,2026-05-15,137487.108
İhtiyaç kredileri,2026-05-22,135556.245
İhtiyaç kredileri,2026-05-26,136481.316
İhtiyaç kredileri,2026-06-05,139757.785
İhtiyaç kredileri,2026-06-12,142184.307
İhtiyaç kredileri,2026-06-19,144976.077
İhtiyaç kredileri,2026-06-26,145427.29
İhtiyaç kredileri,2026-07-03,148209.352
İhtiyaç kredileri,2026-07-10,150403.71
İhtiyaç kredileri,2026-07-17,154755.295
İhtiyaç kredileri,2026-07-24,156239.167
İhtiyaç kredileri,2026-07-31,157725.267
İhtiyaç kredileri,2026-08-07,159445.51
İhtiyaç kredileri,2026-08-14,162549.872
İhtiyaç kredileri,2026-08-21,163621.774
İhtiyaç kredileri,2026-08-28,165075.248
İhtiyaç kredileri,2026-09-04,168565.447
İhtiyaç kredileri,2026-09-11,170069.082
İhtiyaç kredileri,2026-09-18,173122.849
İhtiyaç kredileri,2026-09-25,173393.378
İhtiyaç kredileri,2026-10-02,176748.89
