seri,kod,tarih,faiz
Konut kredisi,TP.KTF12,2024-01-05,42.1
Konut kredisi,TP.KTF12,2024-01-12,41.62
Konut kredisi,TP.KTF12,2024-01-19,41.38
Konut kredisi,TP.KTF12,2024-01-26,41.21
Konut kredisi,TP.KTF12,2024-02-02,41.03
Konut kredisi,TP.KTF12,2024-02-09,40.89
Konut kredisi,TP.KTF12,2024-02-16,40.95
Konut kredisi,TP.KTF12,2024-02-23,40.99
Konut kredisi,TP.KTF12,2024-03-01,40.88
Konut kredisi,TP.KTF12,2024-03-08,41.32
Konut kredisi,TP.KTF12,2024-03-15,42.65
Konut kredisi,TP.KTF12,2024-03-22,43.13
Konut kredisi,TP.KTF12,2024-03-29,43.53
Konut kredisi,TP.KTF12,2024-04-05,45.14
Konut kredisi,TP.KTF12,2024-04-12,44.1
Konut kredisi,TP.KTF12,2024-04-19,44.94
Konut kredisi,TP.KTF12,2024-04-26,44.7
Konut kredisi,TP.KTF12,2024-05-03,44.02
Konut kredisi,TP.KTF12,2024-05-10,44.66
Konut kredisi,TP.KTF12,2024-05-17,44.88
Konut kredisi,TP.KTF12,2024-05-24,44.93
Konut kredisi,TP.KTF12,2024-05-31,44.98
Konut kredisi,TP.KTF12,2024-06-07,44.84
Konut kredisi,TP.KTF12,2024-06-14,44.35
Konut kredisi,TP.KTF12,2024-06-21,44.58
Konut kredisi,TP.KTF12,2024-06-28,44.16
Konut kredisi,TP.KTF12,2024-07-05,44.26
Konut kredisi,TP.KTF12,2024-07-12,44.24
Konut kredisi,TP.KTF12,2024-07-19,44.17
Konut kredisi,TP.KTF12,2024-07-26,43.72
Konut kredisi,TP.KTF12,2024-08-02,43.64
Konut kredisi,TP.KTF12,2024-08-09,43.48
Konut kredisi,TP.KTF12,2024-08-16,43.56
Konut kredisi,TP.KTF12,2024-08-23,43.49
Konut kredisi,TP.KTF12,2024-08-30,43.48
Konut kredisi,TP.KTF12,2024-09-06,43.25
Konut kredisi,TP.KTF12,2024-09-13,43.22
Konut kredisi,TP.KTF12,2024-09-20,43.2
Konut kredisi,TP.KTF12,2024-09-27,42.93
Konut kredisi,TP.KTF12,2024-10-04,41.76
Konut kredisi,TP.KTF12,2024-10-11,41.61
Konut kredisi,TP.KTF12,2024-10-18,41.41
Konut kredisi,TP.KTF12,2024-10-25,41.29
Konut kredisi,TP.KTF12,2024-11-01,41.36
Konut kredisi,TP.KTF12,2024-11-08,41.33
Konut kredisi,TP.KTF12,2024-11-15,40.88
Konut kredisi,TP.KTF12,2024-11-22,41.28
Konut kredisi,TP.KTF12,2024-11-29,41.33
Konut kredisi,TP.KTF12,2024-12-06,41.11
Konut kredisi,TP.KTF12,2024-12-13,41.23
Konut kredisi,TP.KTF12,2024-12-20,41.01
Konut kredisi,TP.KTF12,2024-12-27,40.87
Konut kredisi,TP.KTF12,2025-01-03,40.71
Konut kredisi,TP.KTF12,2025-01-10,40.87
Konut kredisi,TP.KTF12,2025-01-17,40.41
Konut kredisi,TP.KTF12,2025-01-24,40.46
Konut kredisi,TP.KTF12,2025-01-31,40.23
Konut kredisi,TP.KTF12,2025-02-07,40.05
Konut kredisi,TP.KTF12,2025-02-14,40.03
Konut kredisi,TP.KTF12,2025-02-21,39.96
Konut kredisi,TP.KTF12,2025-02-28,39.86
Konut kredisi,TP.KTF12,2025-03-07,39.85
Konut kredisi,TP.KTF12,2025-03-14,39.63
Konut kredisi,TP.KTF12,2025-03-21,39.25
Konut kredisi,TP.KTF12,2025-03-28,38.79
Konut kredisi,TP.KTF12,2025-04-04,39.42
Konut kredisi,TP.KTF12,2025-04-11,39.59
Konut kredisi,TP.KTF12,2025-04-18,39.59
Konut kredisi,TP.KTF12,2025-04-25,39.65
Konut kredisi,TP.KTF12,2025-05-02,40.0
Konut kredisi,TP.KTF12,2025-05-09,41.65
Konut kredisi,TP.KTF12,2025-05-16,42.73
Konut kredisi,TP.KTF12,2025-05-23,42.76
Konut kredisi,TP.KTF12,2025-05-30,43.56
Konut kredisi,TP.KTF12,2025-06-06,43.61
Konut kredisi,TP.KTF12,2025-06-13,43.49
Konut kredisi,TP.KTF12,2025-06-20,43.55
Konut kredisi,TP.KTF12,2025-06-27,43.23
Konut kredisi,TP.KTF12,2025-07-04,43.08
Konut kredisi,TP.KTF12,2025-07-11,42.7
Konut kredisi,TP.KTF12,2025-07-18,42.57
Konut kredisi,TP.KTF12,2025-07-25,41.9
Konut kredisi,TP.KTF12,2025-08-01,41.37
Konut kredisi,TP.KTF12,2025-08-08,40.7
Konut kredisi,TP.KTF12,2025-08-15,40.14
Konut kredisi,TP.KTF12,2025-08-22,40.03
Konut kredisi,TP.KTF12,2025-08-29,39.56
Konut kredisi,TP.KTF12,2025-09-05,39.28
Konut kredisi,TP.KTF12,2025-09-12,39.15
Konut kredisi,TP.KTF12,2025-09-19,38.65
Konut kredisi,TP.KTF12,2025-09-26,38.12
Konut kredisi,TP.KTF12,2025-10-03,38.0
Konut kredisi,TP.KTF12,2025-10-10,38.04
Konut kredisi,TP.KTF12,2025-10-17,37.91
Konut kredisi,TP.KTF12,2025-10-24,38.0
Konut kredisi,TP.KTF12,2025-10-31,37.75
Konut kredisi,TP.KTF12,2025-11-07,37.78
Konut kredisi,TP.KTF12,2025-11-14,37.87
Konut kredisi,TP.KTF12,2025-11-21,37.7
Konut kredisi,TP.KTF12,2025-11-28,37.7
Konut kredisi,TP.KTF12,2025-12-05,37.75
Konut kredisi,TP.KTF12,2025-12-12,37.63
Konut kredisi,TP.KTF12,2025-12-19,37.21
Konut kredisi,TP.KTF12,2025-12-26,36.57
Konut kredisi,TP.KTF12,2026-01-02,36.38
Konut kredisi,TP.KTF12,2026-01-09,36.37
Konut kredisi,TP.KTF12,2026-01-16,36.26
Konut kredisi,TP.KTF12,2026-01-23,36.25
Konut kredisi,TP.KTF12,2026-01-30,35.93
Konut kredisi,TP.KTF12,2026-02-06,35.9
Konut kredisi,TP.KTF12,2026-02-13,35.28
Konut kredisi,TP.KTF12,2026-02-20,34.81
Konut kredisi,TP.KTF12,2026-02-27,34.63
Konut kredisi,TP.KTF12,2026-03-06,34.17
Konut kredisi,TP.KTF12,2026-03-13,34.17
Konut kredisi,TP.KTF12,2026-03-20,34.76
Konut kredisi,TP.KTF12,2026-03-27,35.52
Konut kredisi,TP.KTF12,2026-04-03,35.82
Konut kredisi,TP.KTF12,2026-04-10,36.53
Konut kredisi,TP.KTF12,2026-04-17,36.84
Konut kredisi,TP.KTF12,2026-04-24,37.27
Konut kredisi,TP.KTF12,2026-05-01,37.95
Konut kredisi,TP.KTF12,2026-05-08,38.06
Konut kredisi,TP.KTF12,2026-05-15,38.42
Konut kredisi,TP.KTF12,2026-05-22,38.8
Konut kredisi,TP.KTF12,2026-05-29,38.9
Konut kredisi,TP.KTF12,2026-06-05,39.33
Konut kredisi,TP.KTF12,2026-06-12,39.72
Konut kredisi,TP.KTF12,2026-06-19,40.73
Konut kredisi,TP.KTF12,2026-06-26,41.56
Konut kredisi,TP.KTF12,2026-07-03,41.45
Konut kredisi,TP.KTF12,2026-07-10,41.4
Konut kredisi,TP.KTF12,2026-07-17,41.23
Konut kredisi,TP.KTF12,2026-07-24,41.39
Konut kredisi,TP.KTF12,2026-07-31,41.84
Konut kredisi,TP.KTF12,2026-08-07,42.0
Konut kredisi,TP.KTF12,2026-08-14,42.03
Konut kredisi,TP.KTF12,2026-08-21,42.04
Konut kredisi,TP.KTF12,2026-08-28,41.89
Konut kredisi,TP.KTF12,2026-09-04,41.94
Konut kredisi,TP.KTF12,2026-09-11,41.93
Konut kredisi,TP.KTF12,2026-09-18,41.96
Konut kredisi,TP.KTF12,2026-09-25,41.82
Taşıt kredisi,TP.KTF11,2024-01-05,36.11
Taşıt kredisi,TP.KTF11,2024-01-12,50.27
Taşıt kredisi,TP.KTF11,2024-01-19,47.1
Taşıt kredisi,TP.KTF11,2024-01-26,44.08
Taşıt kredisi,TP.KTF11,2024-02-02,40.04
Taşıt kredisi,TP.KTF11,2024-02-09,47.93
Taşıt kredisi,TP.KTF11,2024-02-16,44.46
Taşıt kredisi,TP.KTF11,2024-02-23,40.48
Taşıt kredisi,TP.KTF11,2024-03-01,42.24
Taşıt kredisi,TP.KTF11,2024-03-08,47.76
Taşıt kredisi,TP.KTF11,2024-03-15,43.67
Taşıt kredisi,TP.KTF11,2024-03-22,46.62
Taşıt kredisi,TP.KTF11,2024-03-29,41.67
Taşıt kredisi,TP.KTF11,2024-04-05,46.05
Taşıt kredisi,TP.KTF11,2024-04-12,59.66
Taşıt kredisi,TP.KTF11,2024-04-19,37.16
Taşıt kredisi,TP.KTF11,2024-04-26,36.33
Taşıt kredisi,TP.KTF11,2024-05-03,41.09
Taşıt kredisi,TP.KTF11,2024-05-10,46.38
Taşıt kredisi,TP.KTF11,2024-05-17,47.19
Taşıt kredisi,TP.KTF11,2024-05-24,37.69
Taşıt kredisi,TP.KTF11,2024-05-31,42.54
Taşıt kredisi,TP.KTF11,2024-06-07,29.5
Taşıt kredisi,TP.KTF11,2024-06-14,32.69
Taşıt kredisi,TP.KTF11,2024-06-21,58.46
Taşıt kredisi,TP.KTF11,2024-06-28,40.32
Taşıt kredisi,TP.KTF11,2024-07-05,55.5
Taşıt kredisi,TP.KTF11,2024-07-12,55.22
Taşıt kredisi,TP.KTF11,2024-07-19,55.18
Taşıt kredisi,TP.KTF11,2024-07-26,51.67
Taşıt kredisi,TP.KTF11,2024-08-02,55.28
Taşıt kredisi,TP.KTF11,2024-08-09,55.95
Taşıt kredisi,TP.KTF11,2024-08-16,52.32
Taşıt kredisi,TP.KTF11,2024-08-23,50.95
Taşıt kredisi,TP.KTF11,2024-08-30,49.82
Taşıt kredisi,TP.KTF11,2024-09-06,49.3
Taşıt kredisi,TP.KTF11,2024-09-13,48.65
Taşıt kredisi,TP.KTF11,2024-09-20,46.7
Taşıt kredisi,TP.KTF11,2024-09-27,46.44
Taşıt kredisi,TP.KTF11,2024-10-04,46.26
Taşıt kredisi,TP.KTF11,2024-10-11,47.14
Taşıt kredisi,TP.KTF11,2024-10-18,47.75
Taşıt kredisi,TP.KTF11,2024-10-25,45.24
Taşıt kredisi,TP.KTF11,2024-11-01,45.81
Taşıt kredisi,TP.KTF11,2024-11-08,44.58
Taşıt kredisi,TP.KTF11,2024-11-15,43.79
Taşıt kredisi,TP.KTF11,2024-11-22,37.66
Taşıt kredisi,TP.KTF11,2024-11-29,42.06
Taşıt kredisi,TP.KTF11,2024-12-06,41.71
Taşıt kredisi,TP.KTF11,2024-12-13,39.99
Taşıt kredisi,TP.KTF11,2024-12-20,39.03
Taşıt kredisi,TP.KTF11,2024-12-27,38.9
Taşıt kredisi,TP.KTF11,2025-01-03,49.61
Taşıt kredisi,TP.KTF11,2025-01-10,47.57
Taşıt kredisi,TP.KTF11,2025-01-17,48.66
Taşıt kredisi,TP.KTF11,2025-01-24,43.78
Taşıt kredisi,TP.KTF11,2025-01-31,41.22
Taşıt kredisi,TP.KTF11,2025-02-07,44.86
Taşıt kredisi,TP.KTF11,2025-02-14,43.53
Taşıt kredisi,TP.KTF11,2025-02-21,40.47
Taşıt kredisi,TP.KTF11,2025-02-28,36.77
Taşıt kredisi,TP.KTF11,2025-03-07,42.78
Taşıt kredisi,TP.KTF11,2025-03-14,41.46
Taşıt kredisi,TP.KTF11,2025-03-21,40.54
Taşıt kredisi,TP.KTF11,2025-03-28,39.12
Taşıt kredisi,TP.KTF11,2025-04-04,45.69
Taşıt kredisi,TP.KTF11,2025-04-11,43.04
Taşıt kredisi,TP.KTF11,2025-04-18,43.47
Taşıt kredisi,TP.KTF11,2025-04-25,43.74
Taşıt kredisi,TP.KTF11,2025-05-02,43.09
Taşıt kredisi,TP.KTF11,2025-05-09,47.96
Taşıt kredisi,TP.KTF11,2025-05-16,47.01
Taşıt kredisi,TP.KTF11,2025-05-23,46.5
Taşıt kredisi,TP.KTF11,2025-05-30,44.9
Taşıt kredisi,TP.KTF11,2025-06-06,45.4
Taşıt kredisi,TP.KTF11,2025-06-13,46.49
Taşıt kredisi,TP.KTF11,2025-06-20,44.8
Taşıt kredisi,TP.KTF11,2025-06-27,42.81
Taşıt kredisi,TP.KTF11,2025-07-04,44.48
Taşıt kredisi,TP.KTF11,2025-07-11,45.65
Taşıt kredisi,TP.KTF11,2025-07-18,44.63
Taşıt kredisi,TP.KTF11,2025-07-25,45.03
Taşıt kredisi,TP.KTF11,2025-08-01,41.91
Taşıt kredisi,TP.KTF11,2025-08-08,43.2
Taşıt kredisi,TP.KTF11,2025-08-15,42.46
Taşıt kredisi,TP.KTF11,2025-08-22,42.18
Taşıt kredisi,TP.KTF11,2025-08-29,39.62
Taşıt kredisi,TP.KTF11,2025-09-05,42.03
Taşıt kredisi,TP.KTF11,2025-09-12,42.0
Taşıt kredisi,TP.KTF11,2025-09-19,40.8
Taşıt kredisi,TP.KTF11,2025-09-26,39.82
Taşıt kredisi,TP.KTF11,2025-10-03,39.31
Taşıt kredisi,TP.KTF11,2025-10-10,36.67
Taşıt kredisi,TP.KTF11,2025-10-17,36.3
Taşıt kredisi,TP.KTF11,2025-10-24,35.37
Taşıt kredisi,TP.KTF11,2025-10-31,35.16
Taşıt kredisi,TP.KTF11,2025-11-07,36.62
Taşıt kredisi,TP.KTF11,2025-11-14,35.37
Taşıt kredisi,TP.KTF11,2025-11-21,35.11
Taşıt kredisi,TP.KTF11,2025-11-28,32.69
Taşıt kredisi,TP.KTF11,2025-12-05,34.12
Taşıt kredisi,TP.KTF11,2025-12-12,33.62
Taşıt kredisi,TP.KTF11,2025-12-19,33.24
Taşıt kredisi,TP.KTF11,2025-12-26,31.54
Taşıt kredisi,TP.KTF11,2026-01-02,31.68
Taşıt kredisi,TP.KTF11,2026-01-09,43.05
Taşıt kredisi,TP.KTF11,2026-01-16,37.97
Taşıt kredisi,TP.KTF11,2026-01-23,37.94
Taşıt kredisi,TP.KTF11,2026-01-30,36.17
Taşıt kredisi,TP.KTF11,2026-02-06,37.24
Taşıt kredisi,TP.KTF11,2026-02-13,35.67
Taşıt kredisi,TP.KTF11,2026-02-20,35.48
Taşıt kredisi,TP.KTF11,2026-02-27,39.12
Taşıt kredisi,TP.KTF11,2026-03-06,36.53
Taşıt kredisi,TP.KTF11,2026-03-13,35.65
Taşıt kredisi,TP.KTF11,2026-03-20,35.46
Taşıt kredisi,TP.KTF11,2026-03-27,35.01
Taşıt kredisi,TP.KTF11,2026-04-03,37.58
Taşıt kredisi,TP.KTF11,2026-04-10,43.15
Taşıt kredisi,TP.KTF11,2026-04-17,39.62
Taşıt kredisi,TP.KTF11,2026-04-24,39.44
Taşıt kredisi,TP.KTF11,2026-05-01,39.67
Taşıt kredisi,TP.KTF11,2026-05-08,39.68
Taşıt kredisi,TP.KTF11,2026-05-15,33.07
Taşıt kredisi,TP.KTF11,2026-05-22,33.74
Taşıt kredisi,TP.KTF11,2026-05-29,35.23
Taşıt kredisi,TP.KTF11,2026-06-05,45.87
Taşıt kredisi,TP.KTF11,2026-06-12,49.16
Taşıt kredisi,TP.KTF11,2026-06-19,49.38
Taşıt kredisi,TP.KTF11,2026-06-26,51.85
Taşıt kredisi,TP.KTF11,2026-07-03,49.7
Taşıt kredisi,TP.KTF11,2026-07-10,46.17
Taşıt kredisi,TP.KTF11,2026-07-17,47.26
Taşıt kredisi,TP.KTF11,2026-07-24,43.7
Taşıt kredisi,TP.KTF11,2026-07-31,45.94
Taşıt kredisi,TP.KTF11,2026-08-07,48.68
Taşıt kredisi,TP.KTF11,2026-08-14,47.3
Taşıt kredisi,TP.KTF11,2026-08-21,48.18
Taşıt kredisi,TP.KTF11,2026-08-28,47.99
Taşıt kredisi,TP.KTF11,2026-09-04,37.55
Taşıt kredisi,TP.KTF11,2026-09-11,40.53
Taşıt kredisi,TP.KTF11,2026-09-18,45.54
Taşıt kredisi,TP.KTF11,2026-09-25,47.71
Tüketici kredisi (toplam),TP.KTFTUK,2024-01-05,62.08
Tüketici kredisi (toplam),TP.KTFTUK,2024-01-12,62.09
Tüketici kredisi (toplam),TP.KTFTUK,2024-01-19,60.75
Tüketici kredisi (toplam),TP.KTFTUK,2024-01-26,59.41
Tüketici kredisi (toplam),TP.KTFTUK,2024-02-02,59.63
Tüketici kredisi (toplam),TP.KTFTUK,2024-02-09,60.01
Tüketici kredisi (toplam),TP.KTFTUK,2024-02-16,59.31
Tüketici kredisi (toplam),TP.KTFTUK,2024-02-23,59.02
Tüketici kredisi (toplam),TP.KTFTUK,2024-03-01,58.53
Tüketici kredisi (toplam),TP.KTFTUK,2024-03-08,61.66
Tüketici kredisi (toplam),TP.KTFTUK,2024-03-15,71.97
Tüketici kredisi (toplam),TP.KTFTUK,2024-03-22,76.92
Tüketici kredisi (toplam),TP.KTFTUK,2024-03-29,78.76
Tüketici kredisi (toplam),TP.KTFTUK,2024-04-05,79.11
Tüketici kredisi (toplam),TP.KTFTUK,2024-04-12,82.1
Tüketici kredisi (toplam),TP.KTFTUK,2024-04-19,78.38
Tüketici kredisi (toplam),TP.KTFTUK,2024-04-26,77.0
Tüketici kredisi (toplam),TP.KTFTUK,2024-05-03,75.95
Tüketici kredisi (toplam),TP.KTFTUK,2024-05-10,75.93
Tüketici kredisi (toplam),TP.KTFTUK,2024-05-17,74.34
Tüketici kredisi (toplam),TP.KTFTUK,2024-05-24,73.18
Tüketici kredisi (toplam),TP.KTFTUK,2024-05-31,71.39
Tüketici kredisi (toplam),TP.KTFTUK,2024-06-07,72.46
Tüketici kredisi (toplam),TP.KTFTUK,2024-06-14,70.83
Tüketici kredisi (toplam),TP.KTFTUK,2024-06-21,75.8
Tüketici kredisi (toplam),TP.KTFTUK,2024-06-28,71.35
Tüketici kredisi (toplam),TP.KTFTUK,2024-07-05,74.82
Tüketici kredisi (toplam),TP.KTFTUK,2024-07-12,75.26
Tüketici kredisi (toplam),TP.KTFTUK,2024-07-19,73.69
Tüketici kredisi (toplam),TP.KTFTUK,2024-07-26,71.63
Tüketici kredisi (toplam),TP.KTFTUK,2024-08-02,71.47
Tüketici kredisi (toplam),TP.KTFTUK,2024-08-09,72.32
Tüketici kredisi (toplam),TP.KTFTUK,2024-08-16,71.2
Tüketici kredisi (toplam),TP.KTFTUK,2024-08-23,70.36
Tüketici kredisi (toplam),TP.KTFTUK,2024-08-30,69.5
Tüketici kredisi (toplam),TP.KTFTUK,2024-09-06,68.82
Tüketici kredisi (toplam),TP.KTFTUK,2024-09-13,69.81
Tüketici kredisi (toplam),TP.KTFTUK,2024-09-20,68.32
Tüketici kredisi (toplam),TP.KTFTUK,2024-09-27,67.52
Tüketici kredisi (toplam),TP.KTFTUK,2024-10-04,67.76
Tüketici kredisi (toplam),TP.KTFTUK,2024-10-11,67.48
Tüketici kredisi (toplam),TP.KTFTUK,2024-10-18,67.09
Tüketici kredisi (toplam),TP.KTFTUK,2024-10-25,65.78
Tüketici kredisi (toplam),TP.KTFTUK,2024-11-01,66.04
Tüketici kredisi (toplam),TP.KTFTUK,2024-11-08,66.56
Tüketici kredisi (toplam),TP.KTFTUK,2024-11-15,66.36
Tüketici kredisi (toplam),TP.KTFTUK,2024-11-22,66.09
Tüketici kredisi (toplam),TP.KTFTUK,2024-11-29,65.14
Tüketici kredisi (toplam),TP.KTFTUK,2024-12-06,65.84
Tüketici kredisi (toplam),TP.KTFTUK,2024-12-13,64.81
Tüketici kredisi (toplam),TP.KTFTUK,2024-12-20,64.95
Tüketici kredisi (toplam),TP.KTFTUK,2024-12-27,65.1
Tüketici kredisi (toplam),TP.KTFTUK,2025-01-03,69.09
Tüketici kredisi (toplam),TP.KTFTUK,2025-01-10,67.07
Tüketici kredisi (toplam),TP.KTFTUK,2025-01-17,65.47
Tüketici kredisi (toplam),TP.KTFTUK,2025-01-24,63.76
Tüketici kredisi (toplam),TP.KTFTUK,2025-01-31,61.05
Tüketici kredisi (toplam),TP.KTFTUK,2025-02-07,62.28
Tüketici kredisi (toplam),TP.KTFTUK,2025-02-14,61.47
Tüketici kredisi (toplam),TP.KTFTUK,2025-02-21,60.88
Tüketici kredisi (toplam),TP.KTFTUK,2025-02-28,61.49
Tüketici kredisi (toplam),TP.KTFTUK,2025-03-07,61.85
Tüketici kredisi (toplam),TP.KTFTUK,2025-03-14,60.62
Tüketici kredisi (toplam),TP.KTFTUK,2025-03-21,61.03
Tüketici kredisi (toplam),TP.KTFTUK,2025-03-28,66.5
Tüketici kredisi (toplam),TP.KTFTUK,2025-04-04,65.92
Tüketici kredisi (toplam),TP.KTFTUK,2025-04-11,66.82
Tüketici kredisi (toplam),TP.KTFTUK,2025-04-18,66.6
Tüketici kredisi (toplam),TP.KTFTUK,2025-04-25,67.56
Tüketici kredisi (toplam),TP.KTFTUK,2025-05-02,69.42
Tüketici kredisi (toplam),TP.KTFTUK,2025-05-09,70.58
Tüketici kredisi (toplam),TP.KTFTUK,2025-05-16,69.99
Tüketici kredisi (toplam),TP.KTFTUK,2025-05-23,68.55
Tüketici kredisi (toplam),TP.KTFTUK,2025-05-30,69.67
Tüketici kredisi (toplam),TP.KTFTUK,2025-06-06,69.61
Tüketici kredisi (toplam),TP.KTFTUK,2025-06-13,68.57
Tüketici kredisi (toplam),TP.KTFTUK,2025-06-20,68.37
Tüketici kredisi (toplam),TP.KTFTUK,2025-06-27,66.13
Tüketici kredisi (toplam),TP.KTFTUK,2025-07-04,66.79
Tüketici kredisi (toplam),TP.KTFTUK,2025-07-11,67.61
Tüketici kredisi (toplam),TP.KTFTUK,2025-07-18,65.56
Tüketici kredisi (toplam),TP.KTFTUK,2025-07-25,63.01
Tüketici kredisi (toplam),TP.KTFTUK,2025-08-01,61.47
Tüketici kredisi (toplam),TP.KTFTUK,2025-08-08,63.43
Tüketici kredisi (toplam),TP.KTFTUK,2025-08-15,62.15
Tüketici kredisi (toplam),TP.KTFTUK,2025-08-22,63.34
Tüketici kredisi (toplam),TP.KTFTUK,2025-08-29,62.58
Tüketici kredisi (toplam),TP.KTFTUK,2025-09-05,62.82
Tüketici kredisi (toplam),TP.KTFTUK,2025-09-12,62.02
Tüketici kredisi (toplam),TP.KTFTUK,2025-09-19,57.84
Tüketici kredisi (toplam),TP.KTFTUK,2025-09-26,55.97
Tüketici kredisi (toplam),TP.KTFTUK,2025-10-03,57.81
Tüketici kredisi (toplam),TP.KTFTUK,2025-10-10,59.51
Tüketici kredisi (toplam),TP.KTFTUK,2025-10-17,59.68
Tüketici kredisi (toplam),TP.KTFTUK,2025-10-24,58.49
Tüketici kredisi (toplam),TP.KTFTUK,2025-10-31,58.47
Tüketici kredisi (toplam),TP.KTFTUK,2025-11-07,59.31
Tüketici kredisi (toplam),TP.KTFTUK,2025-11-14,58.36
Tüketici kredisi (toplam),TP.KTFTUK,2025-11-21,59.89
Tüketici kredisi (toplam),TP.KTFTUK,2025-11-28,58.81
Tüketici kredisi (toplam),TP.KTFTUK,2025-12-05,60.91
Tüketici kredisi (toplam),TP.KTFTUK,2025-12-12,55.69
Tüketici kredisi (toplam),TP.KTFTUK,2025-12-19,54.59
Tüketici kredisi (toplam),TP.KTFTUK,2025-12-26,45.1
Tüketici kredisi (toplam),TP.KTFTUK,2026-01-02,52.54
Tüketici kredisi (toplam),TP.KTFTUK,2026-01-09,60.39
Tüketici kredisi (toplam),TP.KTFTUK,2026-01-16,60.34
Tüketici kredisi (toplam),TP.KTFTUK,2026-01-23,54.07
Tüketici kredisi (toplam),TP.KTFTUK,2026-01-30,57.24
Tüketici kredisi (toplam),TP.KTFTUK,2026-02-06,57.93
Tüketici kredisi (toplam),TP.KTFTUK,2026-02-13,56.4
Tüketici kredisi (toplam),TP.KTFTUK,2026-02-20,55.52
Tüketici kredisi (toplam),TP.KTFTUK,2026-02-27,52.91
Tüketici kredisi (toplam),TP.KTFTUK,2026-03-06,54.92
Tüketici kredisi (toplam),TP.KTFTUK,2026-03-13,54.06
Tüketici kredisi (toplam),TP.KTFTUK,2026-03-20,54.62
Tüketici kredisi (toplam),TP.KTFTUK,2026-03-27,55.82
Tüketici kredisi (toplam),TP.KTFTUK,2026-04-03,57.53
Tüketici kredisi (toplam),TP.KTFTUK,2026-04-10,59.65
Tüketici kredisi (toplam),TP.KTFTUK,2026-04-17,58.96
Tüketici kredisi (toplam),TP.KTFTUK,2026-04-24,59.19
Tüketici kredisi (toplam),TP.KTFTUK,2026-05-01,58.73
Tüketici kredisi (toplam),TP.KTFTUK,2026-05-08,58.69
Tüketici kredisi (toplam),TP.KTFTUK,2026-05-15,58.5
Tüketici kredisi (toplam),TP.KTFTUK,2026-05-22,59.64
Tüketici kredisi (toplam),TP.KTFTUK,2026-05-29,62.77
Tüketici kredisi (toplam),TP.KTFTUK,2026-06-05,62.49
Tüketici kredisi (toplam),TP.KTFTUK,2026-06-12,61.46
Tüketici kredisi (toplam),TP.KTFTUK,2026-06-19,62.1
Tüketici kredisi (toplam),TP.KTFTUK,2026-06-26,61.1
Tüketici kredisi (toplam),TP.KTFTUK,2026-07-03,61.65
Tüketici kredisi (toplam),TP.KTFTUK,2026-07-10,62.8
Tüketici kredisi (toplam),TP.KTFTUK,2026-07-17,63.25
Tüketici kredisi (toplam),TP.KTFTUK,2026-07-24,62.77
Tüketici kredisi (toplam),TP.KTFTUK,2026-07-31,62.81
Tüketici kredisi (toplam),TP.KTFTUK,2026-08-07,63.62
Tüketici kredisi (toplam),TP.KTFTUK,2026-08-14,63.29
Tüketici kredisi (toplam),TP.KTFTUK,2026-08-21,62.06
Tüketici kredisi (toplam),TP.KTFTUK,2026-08-28,58.8
Tüketici kredisi (toplam),TP.KTFTUK,2026-09-04,60.94
Tüketici kredisi (toplam),TP.KTFTUK,2026-09-11,61.71
Tüketici kredisi (toplam),TP.KTFTUK,2026-09-18,61.13
Tüketici kredisi (toplam),TP.KTFTUK,2026-09-25,60.64
İhtiyaç kredisi,TP.KTF10,2024-01-05,63.42
İhtiyaç kredisi,TP.KTF10,2024-01-12,63.17
İhtiyaç kredisi,TP.KTF10,2024-01-19,61.9
İhtiyaç kredisi,TP.KTF10,2024-01-26,60.73
İhtiyaç kredisi,TP.KTF10,2024-02-02,61.18
İhtiyaç kredisi,TP.KTF10,2024-02-09,61.36
İhtiyaç kredisi,TP.KTF10,2024-02-16,60.56
İhtiyaç kredisi,TP.KTF10,2024-02-23,60.71
İhtiyaç kredisi,TP.KTF10,2024-03-01,60.44
İhtiyaç kredisi,TP.KTF10,2024-03-08,63.36
İhtiyaç kredisi,TP.KTF10,2024-03-15,76.0
İhtiyaç kredisi,TP.KTF10,2024-03-22,82.09
İhtiyaç kredisi,TP.KTF10,2024-03-29,86.15
İhtiyaç kredisi,TP.KTF10,2024-04-05,83.08
İhtiyaç kredisi,TP.KTF10,2024-04-12,83.06
İhtiyaç kredisi,TP.KTF10,2024-04-19,81.54
İhtiyaç kredisi,TP.KTF10,2024-04-26,81.31
İhtiyaç kredisi,TP.KTF10,2024-05-03,79.9
İhtiyaç kredisi,TP.KTF10,2024-05-10,79.21
İhtiyaç kredisi,TP.KTF10,2024-05-17,78.04
İhtiyaç kredisi,TP.KTF10,2024-05-24,76.94
İhtiyaç kredisi,TP.KTF10,2024-05-31,75.93
İhtiyaç kredisi,TP.KTF10,2024-06-07,75.02
İhtiyaç kredisi,TP.KTF10,2024-06-14,73.56
İhtiyaç kredisi,TP.KTF10,2024-06-21,76.5
İhtiyaç kredisi,TP.KTF10,2024-06-28,74.56
İhtiyaç kredisi,TP.KTF10,2024-07-05,76.92
İhtiyaç kredisi,TP.KTF10,2024-07-12,77.9
İhtiyaç kredisi,TP.KTF10,2024-07-19,75.74
İhtiyaç kredisi,TP.KTF10,2024-07-26,74.33
İhtiyaç kredisi,TP.KTF10,2024-08-02,73.93
İhtiyaç kredisi,TP.KTF10,2024-08-09,74.59
İhtiyaç kredisi,TP.KTF10,2024-08-16,73.68
İhtiyaç kredisi,TP.KTF10,2024-08-23,73.22
İhtiyaç kredisi,TP.KTF10,2024-08-30,72.24
İhtiyaç kredisi,TP.KTF10,2024-09-06,71.65
İhtiyaç kredisi,TP.KTF10,2024-09-13,73.65
İhtiyaç kredisi,TP.KTF10,2024-09-20,71.47
İhtiyaç kredisi,TP.KTF10,2024-09-27,70.84
İhtiyaç kredisi,TP.KTF10,2024-10-04,71.09
İhtiyaç kredisi,TP.KTF10,2024-10-11,71.71
İhtiyaç kredisi,TP.KTF10,2024-10-18,71.08
İhtiyaç kredisi,TP.KTF10,2024-10-25,70.35
İhtiyaç kredisi,TP.KTF10,2024-11-01,69.66
İhtiyaç kredisi,TP.KTF10,2024-11-08,70.46
İhtiyaç kredisi,TP.KTF10,2024-11-15,70.38
İhtiyaç kredisi,TP.KTF10,2024-11-22,70.69
İhtiyaç kredisi,TP.KTF10,2024-11-29,70.31
İhtiyaç kredisi,TP.KTF10,2024-12-06,69.77
İhtiyaç kredisi,TP.KTF10,2024-12-13,68.85
İhtiyaç kredisi,TP.KTF10,2024-12-20,69.23
İhtiyaç kredisi,TP.KTF10,2024-12-27,70.08
İhtiyaç kredisi,TP.KTF10,2025-01-03,72.5
İhtiyaç kredisi,TP.KTF10,2025-01-10,69.98
İhtiyaç kredisi,TP.KTF10,2025-01-17,68.3
İhtiyaç kredisi,TP.KTF10,2025-01-24,67.09
İhtiyaç kredisi,TP.KTF10,2025-01-31,63.84
İhtiyaç kredisi,TP.KTF10,2025-02-07,64.62
İhtiyaç kredisi,TP.KTF10,2025-02-14,64.13
İhtiyaç kredisi,TP.KTF10,2025-02-21,63.11
İhtiyaç kredisi,TP.KTF10,2025-02-28,64.76
İhtiyaç kredisi,TP.KTF10,2025-03-07,64.12
İhtiyaç kredisi,TP.KTF10,2025-03-14,62.73
İhtiyaç kredisi,TP.KTF10,2025-03-21,63.74
İhtiyaç kredisi,TP.KTF10,2025-03-28,72.45
İhtiyaç kredisi,TP.KTF10,2025-04-04,67.85
İhtiyaç kredisi,TP.KTF10,2025-04-11,69.67
İhtiyaç kredisi,TP.KTF10,2025-04-18,70.58
İhtiyaç kredisi,TP.KTF10,2025-04-25,73.09
İhtiyaç kredisi,TP.KTF10,2025-05-02,74.03
İhtiyaç kredisi,TP.KTF10,2025-05-09,74.59
İhtiyaç kredisi,TP.KTF10,2025-05-16,73.52
İhtiyaç kredisi,TP.KTF10,2025-05-23,71.23
İhtiyaç kredisi,TP.KTF10,2025-05-30,73.39
İhtiyaç kredisi,TP.KTF10,2025-06-06,72.05
İhtiyaç kredisi,TP.KTF10,2025-06-13,70.89
İhtiyaç kredisi,TP.KTF10,2025-06-20,70.95
İhtiyaç kredisi,TP.KTF10,2025-06-27,69.12
İhtiyaç kredisi,TP.KTF10,2025-07-04,69.43
İhtiyaç kredisi,TP.KTF10,2025-07-11,70.57
İhtiyaç kredisi,TP.KTF10,2025-07-18,67.57
İhtiyaç kredisi,TP.KTF10,2025-07-25,65.17
İhtiyaç kredisi,TP.KTF10,2025-08-01,63.74
İhtiyaç kredisi,TP.KTF10,2025-08-08,65.96
İhtiyaç kredisi,TP.KTF10,2025-08-15,64.73
İhtiyaç kredisi,TP.KTF10,2025-08-22,66.23
İhtiyaç kredisi,TP.KTF10,2025-08-29,65.83
İhtiyaç kredisi,TP.KTF10,2025-09-05,65.66
İhtiyaç kredisi,TP.KTF10,2025-09-12,64.85
İhtiyaç kredisi,TP.KTF10,2025-09-19,59.99
İhtiyaç kredisi,TP.KTF10,2025-09-26,58.15
İhtiyaç kredisi,TP.KTF10,2025-10-03,60.46
İhtiyaç kredisi,TP.KTF10,2025-10-10,62.62
İhtiyaç kredisi,TP.KTF10,2025-10-17,62.74
İhtiyaç kredisi,TP.KTF10,2025-10-24,61.95
İhtiyaç kredisi,TP.KTF10,2025-10-31,61.52
İhtiyaç kredisi,TP.KTF10,2025-11-07,62.66
İhtiyaç kredisi,TP.KTF10,2025-11-14,61.03
İhtiyaç kredisi,TP.KTF10,2025-11-21,62.92
İhtiyaç kredisi,TP.KTF10,2025-11-28,62.63
İhtiyaç kredisi,TP.KTF10,2025-12-05,64.57
İhtiyaç kredisi,TP.KTF10,2025-12-12,57.89
İhtiyaç kredisi,TP.KTF10,2025-12-19,56.83
İhtiyaç kredisi,TP.KTF10,2025-12-26,46.37
İhtiyaç kredisi,TP.KTF10,2026-01-02,54.48
İhtiyaç kredisi,TP.KTF10,2026-01-09,63.53
İhtiyaç kredisi,TP.KTF10,2026-01-16,64.04
İhtiyaç kredisi,TP.KTF10,2026-01-23,56.37
İhtiyaç kredisi,TP.KTF10,2026-01-30,60.34
İhtiyaç kredisi,TP.KTF10,2026-02-06,60.38
İhtiyaç kredisi,TP.KTF10,2026-02-13,59.67
İhtiyaç kredisi,TP.KTF10,2026-02-20,59.51
İhtiyaç kredisi,TP.KTF10,2026-02-27,56.79
İhtiyaç kredisi,TP.KTF10,2026-03-06,58.96
İhtiyaç kredisi,TP.KTF10,2026-03-13,58.66
İhtiyaç kredisi,TP.KTF10,2026-03-20,57.91
İhtiyaç kredisi,TP.KTF10,2026-03-27,58.99
İhtiyaç kredisi,TP.KTF10,2026-04-03,60.66
İhtiyaç kredisi,TP.KTF10,2026-04-10,63.29
İhtiyaç kredisi,TP.KTF10,2026-04-17,63.07
İhtiyaç kredisi,TP.KTF10,2026-04-24,62.24
İhtiyaç kredisi,TP.KTF10,2026-05-01,61.69
İhtiyaç kredisi,TP.KTF10,2026-05-08,61.55
İhtiyaç kredisi,TP.KTF10,2026-05-15,61.65
İhtiyaç kredisi,TP.KTF10,2026-05-22,61.83
İhtiyaç kredisi,TP.KTF10,2026-05-29,63.61
İhtiyaç kredisi,TP.KTF10,2026-06-05,64.13
İhtiyaç kredisi,TP.KTF10,2026-06-12,63.94
İhtiyaç kredisi,TP.KTF10,2026-06-19,63.8
İhtiyaç kredisi,TP.KTF10,2026-06-26,62.85
İhtiyaç kredisi,TP.KTF10,2026-07-03,63.35
İhtiyaç kredisi,TP.KTF10,2026-07-10,64.29
İhtiyaç kredisi,TP.KTF10,2026-07-17,64.98
İhtiyaç kredisi,TP.KTF10,2026-07-24,65.16
İhtiyaç kredisi,TP.KTF10,2026-07-31,64.93
İhtiyaç kredisi,TP.KTF10,2026-08-07,65.45
İhtiyaç kredisi,TP.KTF10,2026-08-14,65.46
İhtiyaç kredisi,TP.KTF10,2026-08-21,64.2
İhtiyaç kredisi,TP.KTF10,2026-08-28,60.64
İhtiyaç kredisi,TP.KTF10,2026-09-04,62.95
İhtiyaç kredisi,TP.KTF10,2026-09-11,64.14
İhtiyaç kredisi,TP.KTF10,2026-09-18,63.03
İhtiyaç kredisi,TP.KTF10,2026-09-25,62.73
