seri,kod,tarih,deger
"Elektrik-elektronik eşya, bilgisayar",TP.KKHARTUT.KT8,2024-01-05,16718262.0
"Elektrik-elektronik eşya, bilgisayar",TP.KKHARTUT.KT8,2024-01-12,13664436.0
"Elektrik-elektronik eşya, bilgisayar",TP.KKHARTUT.KT8,2024-01-19,14612854.0
"Elektrik-elektronik eşya, bilgisayar",TP.KKHARTUT.KT8,2024-01-26,17832578.0
"Elektrik-elektronik eşya, bilgisayar",TP.KKHARTUT.KT8,2024-02-02,16249123.0
"Elektrik-elektronik eşya, bilgisayar",TP.KKHARTUT.KT8,2024-02-09,16455432.0
"Elektrik-elektronik eşya, bilgisayar",TP.KKHARTUT.KT8,2024-02-16,18559958.0
"Elektrik-elektronik eşya, bilgisayar",TP.KKHARTUT.KT8,2024-02-23,20277674.0
"Elektrik-elektronik eşya, bilgisayar",TP.KKHARTUT.KT8,2024-03-01,18666669.0
"Elektrik-elektronik eşya, bilgisayar",TP.KKHARTUT.KT8,2024-03-08,19529215.0
"Elektrik-elektronik eşya, bilgisayar",TP.KKHARTUT.KT8,2024-03-15,18562457.0
"Elektrik-elektronik eşya, bilgisayar",TP.KKHARTUT.KT8,2024-03-22,21166655.0
"Elektrik-elektronik eşya, bilgisayar",TP.KKHARTUT.KT8,2024-03-29,24312775.0
"Elektrik-elektronik eşya, bilgisayar",TP.KKHARTUT.KT8,2024-04-05,18181696.0
"Elektrik-elektronik eşya, bilgisayar",TP.KKHARTUT.KT8,2024-04-12,11799478.0
"Elektrik-elektronik eşya, bilgisayar",TP.KKHARTUT.KT8,2024-04-19,16730730.0
"Elektrik-elektronik eşya, bilgisayar",TP.KKHARTUT.KT8,2024-04-26,20569558.0
"Elektrik-elektronik eşya, bilgisayar",TP.KKHARTUT.KT8,2024-05-03,17371949.0
"Elektrik-elektronik eşya, bilgisayar",TP.KKHARTUT.KT8,2024-05-10,20392692.0
"Elektrik-elektronik eşya, bilgisayar",TP.KKHARTUT.KT8,2024-05-17,19182899.0
"Elektrik-elektronik eşya, bilgisayar",TP.KKHARTUT.KT8,2024-05-24,18819596.0
"Elektrik-elektronik eşya, bilgisayar",TP.KKHARTUT.KT8,2024-05-31,16874151.0
"Elektrik-elektronik eşya, bilgisayar",TP.KKHARTUT.KT8,2024-06-07,19273310.0
"Elektrik-elektronik eşya, bilgisayar",TP.KKHARTUT.KT8,2024-06-14,21783696.0
"Elektrik-elektronik eşya, bilgisayar",TP.KKHARTUT.KT8,2024-06-21,13486451.0
"Elektrik-elektronik eşya, bilgisayar",TP.KKHARTUT.KT8,2024-06-28,22565799.0
"Elektrik-elektronik eşya, bilgisayar",TP.KKHARTUT.KT8,2024-07-05,19551807.0
"Elektrik-elektronik eşya, bilgisayar",TP.KKHARTUT.KT8,2024-07-12,19411910.0
"Elektrik-elektronik eşya, bilgisayar",TP.KKHARTUT.KT8,2024-07-19,19894595.0
"Elektrik-elektronik eşya, bilgisayar",TP.KKHARTUT.KT8,2024-07-26,21328777.0
"Elektrik-elektronik eşya, bilgisayar",TP.KKHARTUT.KT8,2024-08-02,17637916.0
"Elektrik-elektronik eşya, bilgisayar",TP.KKHARTUT.KT8,2024-08-09,16188982.0
"Elektrik-elektronik eşya, bilgisayar",TP.KKHARTUT.KT8,2024-08-16,16999467.0
"Elektrik-elektronik eşya, bilgisayar",TP.KKHARTUT.KT8,2024-08-23,16565026.0
"Elektrik-elektronik eşya, bilgisayar",TP.KKHARTUT.KT8,2024-08-30,18585267.0
"Elektrik-elektronik eşya, bilgisayar",TP.KKHARTUT.KT8,2024-09-06,16566208.0
"Elektrik-elektronik eşya, bilgisayar",TP.KKHARTUT.KT8,2024-09-13,18061595.0
"Elektrik-elektronik eşya, bilgisayar",TP.KKHARTUT.KT8,2024-09-20,17483494.0
"Elektrik-elektronik eşya, bilgisayar",TP.KKHARTUT.KT8,2024-09-27,18663210.0
"Elektrik-elektronik eşya, bilgisayar",TP.KKHARTUT.KT8,2024-10-04,16886387.0
"Elektrik-elektronik eşya, bilgisayar",TP.KKHARTUT.KT8,2024-10-11,16135655.0
"Elektrik-elektronik eşya, bilgisayar",TP.KKHARTUT.KT8,2024-10-18,15643534.0
"Elektrik-elektronik eşya, bilgisayar",TP.KKHARTUT.KT8,2024-10-25,16582648.0
"Elektrik-elektronik eşya, bilgisayar",TP.KKHARTUT.KT8,2024-11-01,15909122.0
"Elektrik-elektronik eşya, bilgisayar",TP.KKHARTUT.KT8,2024-11-08,16669129.0
"Elektrik-elektronik eşya, bilgisayar",TP.KKHARTUT.KT8,2024-11-15,19191682.0
"Elektrik-elektronik eşya, bilgisayar",TP.KKHARTUT.KT8,2024-11-22,17462877.0
"Elektrik-elektronik eşya, bilgisayar",TP.KKHARTUT.KT8,2024-11-29,21471418.0
"Elektrik-elektronik eşya, bilgisayar",TP.KKHARTUT.KT8,2024-12-06,18916324.0
"Elektrik-elektronik eşya, bilgisayar",TP.KKHARTUT.KT8,2024-12-13,17649698.0
"Elektrik-elektronik eşya, bilgisayar",TP.KKHARTUT.KT8,2024-12-20,20968997.0
"Elektrik-elektronik eşya, bilgisayar",TP.KKHARTUT.KT8,2024-12-27,22941725.0
"Elektrik-elektronik eşya, bilgisayar",TP.KKHARTUT.KT8,2025-01-03,21751576.0
"Elektrik-elektronik eşya, bilgisayar",TP.KKHARTUT.KT8,2025-01-10,14226665.0
"Elektrik-elektronik eşya, bilgisayar",TP.KKHARTUT.KT8,2025-01-17,15068718.0
"Elektrik-elektronik eşya, bilgisayar",TP.KKHARTUT.KT8,2025-01-24,14928197.0
"Elektrik-elektronik eşya, bilgisayar",TP.KKHARTUT.KT8,2025-01-31,18474487.0
"Elektrik-elektronik eşya, bilgisayar",TP.KKHARTUT.KT8,2025-02-07,16030617.0
"Elektrik-elektronik eşya, bilgisayar",TP.KKHARTUT.KT8,2025-02-14,18326337.0
"Elektrik-elektronik eşya, bilgisayar",TP.KKHARTUT.KT8,2025-02-21,17185269.0
"Elektrik-elektronik eşya, bilgisayar",TP.KKHARTUT.KT8,2025-02-28,19352990.0
"Elektrik-elektronik eşya, bilgisayar",TP.KKHARTUT.KT8,2025-03-07,16834220.0
"Elektrik-elektronik eşya, bilgisayar",TP.KKHARTUT.KT8,2025-03-14,17187403.0
"Elektrik-elektronik eşya, bilgisayar",TP.KKHARTUT.KT8,2025-03-21,17549732.0
"Elektrik-elektronik eşya, bilgisayar",TP.KKHARTUT.KT8,2025-03-28,20086054.0
"Elektrik-elektronik eşya, bilgisayar",TP.KKHARTUT.KT8,2025-04-04,14821577.0
"Elektrik-elektronik eşya, bilgisayar",TP.KKHARTUT.KT8,2025-04-11,18447536.0
"Elektrik-elektronik eşya, bilgisayar",TP.KKHARTUT.KT8,2025-04-18,19229246.0
"Elektrik-elektronik eşya, bilgisayar",TP.KKHARTUT.KT8,2025-04-25,16064708.0
"Elektrik-elektronik eşya, bilgisayar",TP.KKHARTUT.KT8,2025-05-02,17819851.0
"Elektrik-elektronik eşya, bilgisayar",TP.KKHARTUT.KT8,2025-05-09,18631752.0
"Elektrik-elektronik eşya, bilgisayar",TP.KKHARTUT.KT8,2025-05-16,19298049.0
"Elektrik-elektronik eşya, bilgisayar",TP.KKHARTUT.KT8,2025-05-23,16734592.0
"Elektrik-elektronik eşya, bilgisayar",TP.KKHARTUT.KT8,2025-05-30,18195930.0
"Elektrik-elektronik eşya, bilgisayar",TP.KKHARTUT.KT8,2025-06-06,17418662.0
"Elektrik-elektronik eşya, bilgisayar",TP.KKHARTUT.KT8,2025-06-13,16502966.0
"Elektrik-elektronik eşya, bilgisayar",TP.KKHARTUT.KT8,2025-06-20,20048803.0
"Elektrik-elektronik eşya, bilgisayar",TP.KKHARTUT.KT8,2025-06-27,20284116.0
"Elektrik-elektronik eşya, bilgisayar",TP.KKHARTUT.KT8,2025-07-04,20109251.0
"Elektrik-elektronik eşya, bilgisayar",TP.KKHARTUT.KT8,2025-07-11,19613811.0
"Elektrik-elektronik eşya, bilgisayar",TP.KKHARTUT.KT8,2025-07-18,19073895.0
"Elektrik-elektronik eşya, bilgisayar",TP.KKHARTUT.KT8,2025-07-25,19583262.0
"Elektrik-elektronik eşya, bilgisayar",TP.KKHARTUT.KT8,2025-08-01,20794606.0
"Elektrik-elektronik eşya, bilgisayar",TP.KKHARTUT.KT8,2025-08-08,18193499.0
"Elektrik-elektronik eşya, bilgisayar",TP.KKHARTUT.KT8,2025-08-15,18030668.0
"Elektrik-elektronik eşya, bilgisayar",TP.KKHARTUT.KT8,2025-08-22,18315645.0
"Elektrik-elektronik eşya, bilgisayar",TP.KKHARTUT.KT8,2025-08-29,19223618.0
"Elektrik-elektronik eşya, bilgisayar",TP.KKHARTUT.KT8,2025-09-05,20496423.0
"Elektrik-elektronik eşya, bilgisayar",TP.KKHARTUT.KT8,2025-09-12,23287852.0
"Elektrik-elektronik eşya, bilgisayar",TP.KKHARTUT.KT8,2025-09-19,22655212.0
"Elektrik-elektronik eşya, bilgisayar",TP.KKHARTUT.KT8,2025-09-26,21877906.0
"Elektrik-elektronik eşya, bilgisayar",TP.KKHARTUT.KT8,2025-10-03,23170441.0
"Elektrik-elektronik eşya, bilgisayar",TP.KKHARTUT.KT8,2025-10-10,21363598.0
"Elektrik-elektronik eşya, bilgisayar",TP.KKHARTUT.KT8,2025-10-17,21606790.0
"Elektrik-elektronik eşya, bilgisayar",TP.KKHARTUT.KT8,2025-10-24,20372898.0
"Elektrik-elektronik eşya, bilgisayar",TP.KKHARTUT.KT8,2025-10-31,21568147.0
"Elektrik-elektronik eşya, bilgisayar",TP.KKHARTUT.KT8,2025-11-07,24102310.0
"Elektrik-elektronik eşya, bilgisayar",TP.KKHARTUT.KT8,2025-11-14,27134658.0
"Elektrik-elektronik eşya, bilgisayar",TP.KKHARTUT.KT8,2025-11-21,23354569.0
"Elektrik-elektronik eşya, bilgisayar",TP.KKHARTUT.KT8,2025-11-28,26529117.0
"Elektrik-elektronik eşya, bilgisayar",TP.KKHARTUT.KT8,2025-12-05,25642347.0
"Elektrik-elektronik eşya, bilgisayar",TP.KKHARTUT.KT8,2025-12-12,22947845.0
"Elektrik-elektronik eşya, bilgisayar",TP.KKHARTUT.KT8,2025-12-19,24953188.0
"Elektrik-elektronik eşya, bilgisayar",TP.KKHARTUT.KT8,2025-12-26,27154695.0
"Elektrik-elektronik eşya, bilgisayar",TP.KKHARTUT.KT8,2026-01-02,29006462.0
"Elektrik-elektronik eşya, bilgisayar",TP.KKHARTUT.KT8,2026-01-09,18999887.0
"Elektrik-elektronik eşya, bilgisayar",TP.KKHARTUT.KT8,2026-01-16,19066287.0
"Elektrik-elektronik eşya, bilgisayar",TP.KKHARTUT.KT8,2026-01-23,19671102.0
"Elektrik-elektronik eşya, bilgisayar",TP.KKHARTUT.KT8,2026-01-30,20742382.0
"Elektrik-elektronik eşya, bilgisayar",TP.KKHARTUT.KT8,2026-02-06,21253958.0
"Elektrik-elektronik eşya, bilgisayar",TP.KKHARTUT.KT8,2026-02-13,21872902.0
"Elektrik-elektronik eşya, bilgisayar",TP.KKHARTUT.KT8,2026-02-20,22205675.0
"Elektrik-elektronik eşya, bilgisayar",TP.KKHARTUT.KT8,2026-02-27,19815005.0
"Elektrik-elektronik eşya, bilgisayar",TP.KKHARTUT.KT8,2026-03-06,21841296.0
"Elektrik-elektronik eşya, bilgisayar",TP.KKHARTUT.KT8,2026-03-13,20973988.0
"Elektrik-elektronik eşya, bilgisayar",TP.KKHARTUT.KT8,2026-03-20,20472034.0
"Elektrik-elektronik eşya, bilgisayar",TP.KKHARTUT.KT8,2026-03-27,20605412.0
"Elektrik-elektronik eşya, bilgisayar",TP.KKHARTUT.KT8,2026-04-03,23194623.0
"Elektrik-elektronik eşya, bilgisayar",TP.KKHARTUT.KT8,2026-04-10,20842481.0
"Elektrik-elektronik eşya, bilgisayar",TP.KKHARTUT.KT8,2026-04-17,21190371.0
"Elektrik-elektronik eşya, bilgisayar",TP.KKHARTUT.KT8,2026-04-24,21043716.0
"Elektrik-elektronik eşya, bilgisayar",TP.KKHARTUT.KT8,2026-05-01,21776743.0
"Elektrik-elektronik eşya, bilgisayar",TP.KKHARTUT.KT8,2026-05-08,23805353.0
"Elektrik-elektronik eşya, bilgisayar",TP.KKHARTUT.KT8,2026-05-15,24969992.0
"Elektrik-elektronik eşya, bilgisayar",TP.KKHARTUT.KT8,2026-05-22,22849849.0
"Elektrik-elektronik eşya, bilgisayar",TP.KKHARTUT.KT8,2026-05-29,16142849.0
"Elektrik-elektronik eşya, bilgisayar",TP.KKHARTUT.KT8,2026-06-05,22269593.0
"Elektrik-elektronik eşya, bilgisayar",TP.KKHARTUT.KT8,2026-06-12,22682550.0
"Elektrik-elektronik eşya, bilgisayar",TP.KKHARTUT.KT8,2026-06-19,23388359.0
"Elektrik-elektronik eşya, bilgisayar",TP.KKHARTUT.KT8,2026-06-26,23836098.0
"Elektrik-elektronik eşya, bilgisayar",TP.KKHARTUT.KT8,2026-07-03,25366938.0
"Elektrik-elektronik eşya, bilgisayar",TP.KKHARTUT.KT8,2026-07-10,22475006.0
"Elektrik-elektronik eşya, bilgisayar",TP.KKHARTUT.KT8,2026-07-17,22242230.0
"Elektrik-elektronik eşya, bilgisayar",TP.KKHARTUT.KT8,2026-07-24,20833274.0
"Elektrik-elektronik eşya, bilgisayar",TP.KKHARTUT.KT8,2026-07-31,23202632.0
"Elektrik-elektronik eşya, bilgisayar",TP.KKHARTUT.KT8,2026-08-07,22021663.0
"Elektrik-elektronik eşya, bilgisayar",TP.KKHARTUT.KT8,2026-08-14,23044773.0
"Elektrik-elektronik eşya, bilgisayar",TP.KKHARTUT.KT8,2026-08-21,22709680.0
"Elektrik-elektronik eşya, bilgisayar",TP.KKHARTUT.KT8,2026-08-28,22815063.0
"Elektrik-elektronik eşya, bilgisayar",TP.KKHARTUT.KT8,2026-09-04,23817212.0
"Elektrik-elektronik eşya, bilgisayar",TP.KKHARTUT.KT8,2026-09-11,24851552.0
"Elektrik-elektronik eşya, bilgisayar",TP.KKHARTUT.KT8,2026-09-18,31787775.0
"Elektrik-elektronik eşya, bilgisayar",TP.KKHARTUT.KT8,2026-09-25,25133384.0
Kart harcaması (toplam),TP.KKHARTUT.KT1,2024-01-05,204353556.0
Kart harcaması (toplam),TP.KKHARTUT.KT1,2024-01-12,188748925.0
Kart harcaması (toplam),TP.KKHARTUT.KT1,2024-01-19,202579896.0
Kart harcaması (toplam),TP.KKHARTUT.KT1,2024-01-26,206004447.0
Kart harcaması (toplam),TP.KKHARTUT.KT1,2024-02-02,240937814.0
Kart harcaması (toplam),TP.KKHARTUT.KT1,2024-02-09,213668565.0
Kart harcaması (toplam),TP.KKHARTUT.KT1,2024-02-16,231260353.0
Kart harcaması (toplam),TP.KKHARTUT.KT1,2024-02-23,228405931.0
Kart harcaması (toplam),TP.KKHARTUT.KT1,2024-03-01,262616676.0
Kart harcaması (toplam),TP.KKHARTUT.KT1,2024-03-08,251897696.0
Kart harcaması (toplam),TP.KKHARTUT.KT1,2024-03-15,242884944.0
Kart harcaması (toplam),TP.KKHARTUT.KT1,2024-03-22,248228429.0
Kart harcaması (toplam),TP.KKHARTUT.KT1,2024-03-29,278483441.0
Kart harcaması (toplam),TP.KKHARTUT.KT1,2024-04-05,274750128.0
Kart harcaması (toplam),TP.KKHARTUT.KT1,2024-04-12,216417113.0
Kart harcaması (toplam),TP.KKHARTUT.KT1,2024-04-19,260471508.0
Kart harcaması (toplam),TP.KKHARTUT.KT1,2024-04-26,260607438.0
Kart harcaması (toplam),TP.KKHARTUT.KT1,2024-05-03,278275843.0
Kart harcaması (toplam),TP.KKHARTUT.KT1,2024-05-10,276443617.0
Kart harcaması (toplam),TP.KKHARTUT.KT1,2024-05-17,275819135.0
Kart harcaması (toplam),TP.KKHARTUT.KT1,2024-05-24,271212943.0
Kart harcaması (toplam),TP.KKHARTUT.KT1,2024-05-31,300141106.0
Kart harcaması (toplam),TP.KKHARTUT.KT1,2024-06-07,290848726.0
Kart harcaması (toplam),TP.KKHARTUT.KT1,2024-06-14,320610924.0
Kart harcaması (toplam),TP.KKHARTUT.KT1,2024-06-21,214440754.0
Kart harcaması (toplam),TP.KKHARTUT.KT1,2024-06-28,319974502.0
Kart harcaması (toplam),TP.KKHARTUT.KT1,2024-07-05,315131740.0
Kart harcaması (toplam),TP.KKHARTUT.KT1,2024-07-12,296047331.0
Kart harcaması (toplam),TP.KKHARTUT.KT1,2024-07-19,297412008.0
Kart harcaması (toplam),TP.KKHARTUT.KT1,2024-07-26,309557027.0
Kart harcaması (toplam),TP.KKHARTUT.KT1,2024-08-02,335819946.0
Kart harcaması (toplam),TP.KKHARTUT.KT1,2024-08-09,292680721.0
Kart harcaması (toplam),TP.KKHARTUT.KT1,2024-08-16,301188597.0
Kart harcaması (toplam),TP.KKHARTUT.KT1,2024-08-23,313011135.0
Kart harcaması (toplam),TP.KKHARTUT.KT1,2024-08-30,322505351.0
Kart harcaması (toplam),TP.KKHARTUT.KT1,2024-09-06,324404026.0
Kart harcaması (toplam),TP.KKHARTUT.KT1,2024-09-13,321539766.0
Kart harcaması (toplam),TP.KKHARTUT.KT1,2024-09-20,318194080.0
Kart harcaması (toplam),TP.KKHARTUT.KT1,2024-09-27,319751035.0
Kart harcaması (toplam),TP.KKHARTUT.KT1,2024-10-04,328494940.0
Kart harcaması (toplam),TP.KKHARTUT.KT1,2024-10-11,305859261.0
Kart harcaması (toplam),TP.KKHARTUT.KT1,2024-10-18,313480111.0
Kart harcaması (toplam),TP.KKHARTUT.KT1,2024-10-25,307137970.0
Kart harcaması (toplam),TP.KKHARTUT.KT1,2024-11-01,321729367.0
Kart harcaması (toplam),TP.KKHARTUT.KT1,2024-11-08,311630481.0
Kart harcaması (toplam),TP.KKHARTUT.KT1,2024-11-15,322689063.0
Kart harcaması (toplam),TP.KKHARTUT.KT1,2024-11-22,323656115.0
Kart harcaması (toplam),TP.KKHARTUT.KT1,2024-11-29,346916117.0
Kart harcaması (toplam),TP.KKHARTUT.KT1,2024-12-06,336994445.0
Kart harcaması (toplam),TP.KKHARTUT.KT1,2024-12-13,318634684.0
Kart harcaması (toplam),TP.KKHARTUT.KT1,2024-12-20,340550205.0
Kart harcaması (toplam),TP.KKHARTUT.KT1,2024-12-27,362149223.0
Kart harcaması (toplam),TP.KKHARTUT.KT1,2025-01-03,382754507.0
Kart harcaması (toplam),TP.KKHARTUT.KT1,2025-01-10,326243313.0
Kart harcaması (toplam),TP.KKHARTUT.KT1,2025-01-17,340303322.0
Kart harcaması (toplam),TP.KKHARTUT.KT1,2025-01-24,333952043.0
Kart harcaması (toplam),TP.KKHARTUT.KT1,2025-01-31,405205995.0
Kart harcaması (toplam),TP.KKHARTUT.KT1,2025-02-07,356702539.0
Kart harcaması (toplam),TP.KKHARTUT.KT1,2025-02-14,353082917.0
Kart harcaması (toplam),TP.KKHARTUT.KT1,2025-02-21,363858580.0
Kart harcaması (toplam),TP.KKHARTUT.KT1,2025-02-28,401334082.0
Kart harcaması (toplam),TP.KKHARTUT.KT1,2025-03-07,365668778.0
Kart harcaması (toplam),TP.KKHARTUT.KT1,2025-03-14,366533199.0
Kart harcaması (toplam),TP.KKHARTUT.KT1,2025-03-21,385445633.0
Kart harcaması (toplam),TP.KKHARTUT.KT1,2025-03-28,435771344.0
Kart harcaması (toplam),TP.KKHARTUT.KT1,2025-04-04,340823621.0
Kart harcaması (toplam),TP.KKHARTUT.KT1,2025-04-11,403473382.0
Kart harcaması (toplam),TP.KKHARTUT.KT1,2025-04-18,403422585.0
Kart harcaması (toplam),TP.KKHARTUT.KT1,2025-04-25,388383429.0
Kart harcaması (toplam),TP.KKHARTUT.KT1,2025-05-02,432194536.0
Kart harcaması (toplam),TP.KKHARTUT.KT1,2025-05-09,445935452.0
Kart harcaması (toplam),TP.KKHARTUT.KT1,2025-05-16,429694620.0
Kart harcaması (toplam),TP.KKHARTUT.KT1,2025-05-23,433450439.0
Kart harcaması (toplam),TP.KKHARTUT.KT1,2025-05-30,506387157.0
Kart harcaması (toplam),TP.KKHARTUT.KT1,2025-06-06,475622434.0
Kart harcaması (toplam),TP.KKHARTUT.KT1,2025-06-13,374563130.0
Kart harcaması (toplam),TP.KKHARTUT.KT1,2025-06-20,457695033.0
Kart harcaması (toplam),TP.KKHARTUT.KT1,2025-06-27,473532300.0
Kart harcaması (toplam),TP.KKHARTUT.KT1,2025-07-04,488641703.0
Kart harcaması (toplam),TP.KKHARTUT.KT1,2025-07-11,450996017.0
Kart harcaması (toplam),TP.KKHARTUT.KT1,2025-07-18,444509030.0
Kart harcaması (toplam),TP.KKHARTUT.KT1,2025-07-25,449824973.0
Kart harcaması (toplam),TP.KKHARTUT.KT1,2025-08-01,513843514.0
Kart harcaması (toplam),TP.KKHARTUT.KT1,2025-08-08,432885941.0
Kart harcaması (toplam),TP.KKHARTUT.KT1,2025-08-15,433511590.0
Kart harcaması (toplam),TP.KKHARTUT.KT1,2025-08-22,477033934.0
Kart harcaması (toplam),TP.KKHARTUT.KT1,2025-08-29,497201525.0
Kart harcaması (toplam),TP.KKHARTUT.KT1,2025-09-05,515439849.0
Kart harcaması (toplam),TP.KKHARTUT.KT1,2025-09-12,477806539.0
Kart harcaması (toplam),TP.KKHARTUT.KT1,2025-09-19,477623364.0
Kart harcaması (toplam),TP.KKHARTUT.KT1,2025-09-26,489714438.0
Kart harcaması (toplam),TP.KKHARTUT.KT1,2025-10-03,516906150.0
Kart harcaması (toplam),TP.KKHARTUT.KT1,2025-10-10,466764381.0
Kart harcaması (toplam),TP.KKHARTUT.KT1,2025-10-17,483225797.0
Kart harcaması (toplam),TP.KKHARTUT.KT1,2025-10-24,474085391.0
Kart harcaması (toplam),TP.KKHARTUT.KT1,2025-10-31,504909201.0
Kart harcaması (toplam),TP.KKHARTUT.KT1,2025-11-07,498779402.0
Kart harcaması (toplam),TP.KKHARTUT.KT1,2025-11-14,498430061.0
Kart harcaması (toplam),TP.KKHARTUT.KT1,2025-11-21,528095483.0
Kart harcaması (toplam),TP.KKHARTUT.KT1,2025-11-28,573837412.0
Kart harcaması (toplam),TP.KKHARTUT.KT1,2025-12-05,556613991.0
Kart harcaması (toplam),TP.KKHARTUT.KT1,2025-12-12,500053575.0
Kart harcaması (toplam),TP.KKHARTUT.KT1,2025-12-19,533721108.0
Kart harcaması (toplam),TP.KKHARTUT.KT1,2025-12-26,566321076.0
Kart harcaması (toplam),TP.KKHARTUT.KT1,2026-01-02,589130229.0
Kart harcaması (toplam),TP.KKHARTUT.KT1,2026-01-09,483466832.0
Kart harcaması (toplam),TP.KKHARTUT.KT1,2026-01-16,481350096.0
Kart harcaması (toplam),TP.KKHARTUT.KT1,2026-01-23,491996387.0
Kart harcaması (toplam),TP.KKHARTUT.KT1,2026-01-30,588759490.0
Kart harcaması (toplam),TP.KKHARTUT.KT1,2026-02-06,548445219.0
Kart harcaması (toplam),TP.KKHARTUT.KT1,2026-02-13,521255229.0
Kart harcaması (toplam),TP.KKHARTUT.KT1,2026-02-20,571999823.0
Kart harcaması (toplam),TP.KKHARTUT.KT1,2026-02-27,506614490.0
Kart harcaması (toplam),TP.KKHARTUT.KT1,2026-03-06,587253040.0
Kart harcaması (toplam),TP.KKHARTUT.KT1,2026-03-13,536827193.0
Kart harcaması (toplam),TP.KKHARTUT.KT1,2026-03-20,552132905.0
Kart harcaması (toplam),TP.KKHARTUT.KT1,2026-03-27,543365188.0
Kart harcaması (toplam),TP.KKHARTUT.KT1,2026-04-03,627072092.0
Kart harcaması (toplam),TP.KKHARTUT.KT1,2026-04-10,548008667.0
Kart harcaması (toplam),TP.KKHARTUT.KT1,2026-04-17,559650473.0
Kart harcaması (toplam),TP.KKHARTUT.KT1,2026-04-24,542789987.0
Kart harcaması (toplam),TP.KKHARTUT.KT1,2026-05-01,641377782.0
Kart harcaması (toplam),TP.KKHARTUT.KT1,2026-05-08,622204532.0
Kart harcaması (toplam),TP.KKHARTUT.KT1,2026-05-15,643040284.0
Kart harcaması (toplam),TP.KKHARTUT.KT1,2026-05-22,708425156.0
Kart harcaması (toplam),TP.KKHARTUT.KT1,2026-05-29,532318819.0
Kart harcaması (toplam),TP.KKHARTUT.KT1,2026-06-05,741347152.0
Kart harcaması (toplam),TP.KKHARTUT.KT1,2026-06-12,614987495.0
Kart harcaması (toplam),TP.KKHARTUT.KT1,2026-06-19,626687393.0
Kart harcaması (toplam),TP.KKHARTUT.KT1,2026-06-26,650878756.0
Kart harcaması (toplam),TP.KKHARTUT.KT1,2026-07-03,702748015.0
Kart harcaması (toplam),TP.KKHARTUT.KT1,2026-07-10,633999029.0
Kart harcaması (toplam),TP.KKHARTUT.KT1,2026-07-17,625446600.0
Kart harcaması (toplam),TP.KKHARTUT.KT1,2026-07-24,609782340.0
Kart harcaması (toplam),TP.KKHARTUT.KT1,2026-07-31,750647045.0
Kart harcaması (toplam),TP.KKHARTUT.KT1,2026-08-07,640811751.0
Kart harcaması (toplam),TP.KKHARTUT.KT1,2026-08-14,641137496.0
Kart harcaması (toplam),TP.KKHARTUT.KT1,2026-08-21,688780274.0
Kart harcaması (toplam),TP.KKHARTUT.KT1,2026-08-28,708322126.0
Kart harcaması (toplam),TP.KKHARTUT.KT1,2026-09-04,690867468.0
Kart harcaması (toplam),TP.KKHARTUT.KT1,2026-09-11,661385822.0
Kart harcaması (toplam),TP.KKHARTUT.KT1,2026-09-18,680100214.0
Kart harcaması (toplam),TP.KKHARTUT.KT1,2026-09-25,642423852.0
