haber_tarihi,gosterge,sirket,deger,birim,donem,aciklama,baslik,kaynak,link
2026-10-07T05:52:56+00:00,Enflasyon TÜFE (yıllık %),,30.0,%,,kural ile çıkarıldı,"Enflasyon yüzde 30’un altına indi, hayat pahalılığı yüksek kaldı",ekotürk,https://news.google.com/rss/articles/CBMinAFBVV95cUxPODlyaDZ2SDNvZlNoTm5id1YyY2RMTTJJVkM3NzhnbWstWW1RRUZrSEpucnVXVGo2Tk91M2NSYUhURzVPbGJmY0w5eEs4bGwyYklHZWxoRUhySVN3aVZGbTRwa1FMc21tZU5tTG1OYjMycmZiMXEwakxsOFZpdjhzSmZUeFBkc2V4ZnFEYzFYRjdKUUZZVXpfaUNGX1Y?oc=5
2026-10-06T21:37:43+00:00,Enflasyon TÜFE (yıllık %),,29.73,%,Eylül,kural ile çıkarıldı,"Eylül Enflasyonu Yüzde 29,73’e Gerilerken Döviz Gelirindeki Artış Maliyetlerin Gerisinde Kaldı",Turizm Gazetesi,https://news.google.com/rss/articles/CBMi0wFBVV95cUxPR0VrZzNyNmZrZnQ2QlRrS2JhcXNfdE44amNjcmFVNEJfVFluTUV4dTlMSUJ3Sk1nTWxjY3dpNG0xUGo5anE5cEZIeUxZRkN0UVJjZy13d0hiSE1kNlhXUG54RWN1Yml6OXRkaHNLc1VaNnl6WUpIMDNlWDNWVXlyR2laMGJIRFNabE9JYldDcm5kMTZqbV84YlBBLWxJUklnbVk2MU9keDRtd25oVU8zZmdjV0NDeUx0ZVVGSU93Y2N6dmxrOUFURzkxTnhLUkJTRG04?oc=5
2026-10-06T18:58:37+00:00,Enflasyon TÜFE (yıllık %),,1.61,%,,kural ile çıkarıldı,"Özel kapsamlı TÜFE yüzde 1,61 arttı",Ekonomi Gazetesi,https://news.google.com/rss/articles/CBMihwFBVV95cUxNQ1BfOWF3VElhMzlneHp2em1jYW9PSm9WazNRYTRCdFZpdi1pb2VxLUp5NWp2U1FXU3BBdnhsVzNCSnJKZHdsaVRfUU16SFVSa3dPQTcyZE5fRldKelJ2eFZRYWdlUFJoZWJhUFVMUHdRa0dWanNQOGZjT01wMHFOMG82dnlBdUE?oc=5
2026-10-06T13:56:00+00:00,Enflasyon TÜFE (yıllık %),,1.61,%,Eylül,kural ile çıkarıldı,"Mevsim etkilerinden arındırılmış enflasyon eylülde yüzde 1,61 arttı",Evrensel.net,https://news.google.com/rss/articles/CBMiqgFBVV95cUxOYUZ3N2l3dFIxaTVJTWNUTVdSWHA2Q1c4WlZ4SmwyaUJiRnRGdmVzLTNhc3BMWUlPZnRCbU5SMHJDQXA3a0l2VzJ6Z0k4Z2FydDZVS3NES1RpS0M2S0NZTTVHSnNyWWZrblBBYTMzYzBHLUt5cWctZjh4Mll4Q1FENTduQk5PWnFxTjMwc2Flbm01UUlxcjZGZEUtR2FReEdBU2t3ZW02bVhKZw?oc=5
2026-10-06T13:12:58+00:00,Enflasyon TÜFE (aylık %),,1.61,%,Eylül,kural ile çıkarıldı,"Mevsim etkisinden arındırılmış aylık TÜFE artış Eylül'de yüzde 1,61 oldu",Bloomberght,https://news.google.com/rss/articles/CBMirAFBVV95cUxOM3N1MWJnN3Q1UlVYbzJFbUUzT3ZpQnJka0phWWpRWTFreDN3d1JROS0yWXpPMVF2aXdVcGNWMjlxQXJkOUlRaElWbDdsSnRJUEZpcFJocUxpWG8yMElGNm5RTDVPQ0x1X2RiaWVFd2ROb3BRdlkzQmJnZkI0UTQ2UWcwb1MwdGdaZmgzZEhycE9ZV0VkRmp1TE9Uc3VITEVMN2luZlY5dVBWYWZ3?oc=5
2026-10-05T19:39:25+00:00,Enflasyon TÜFE (yıllık %),,30.0,%,,kural ile çıkarıldı,Yıllık enflasyon yaklaşık 5 yıl sonra yüzde 30'un altına geriledi,Anadolu Ajansı,https://news.google.com/rss/articles/CBMiqgFBVV95cUxOZDItY3pZbU1QVW1HSWhQY1htSmpNWHhqMDNIdHRVNHJjVllUNUhKUDdvQkI2ZmhFOWhKWGhkSC1QcXFZQ3VlSFJhV2xPdC05dGVXaEkwbldOUmd1QkFjUHNZRGNTRXdSQzdTeWRhWEZWaGNLOXBlSEx1clhUSmxPLUdnQ1JVYWRSYk9YSHk3VGVyNGtTNm5vcmotcFdkMU1OUlRFdHJrYmttZw?oc=5
2026-10-05T18:00:00+00:00,Enflasyon TÜFE (yıllık %),,30.0,%,,kural ile çıkarıldı,"Enflasyon yüzde 30’un altına indi, gözler TCMB’de: Petrol ve küresel faizler yeni risk",Ekonomim,https://news.google.com/rss/articles/CBMi1wFBVV95cUxPZXFlTXFoS3ZnMzY2VnZ6b0doUHk3cG1hOUQ4S09zWEtVNVhuRVFKRkxLODQwbHhXRDlmczZ1UkhJSERhT3poenVfQThQX2FrX3UtYnJlSXNVNlFMTlZWa21KNUotM1pZT3VhSDhaTFRLTEU4LTNkMmlkU0FMOW95WWxXUU9nVHdXLU43MmJRUWtqczBYVUwwR1RscVNJRzh0NGFBNW82TXo2OGgxcEd3b0RpbEVrRlptWkdkdHZDdFNsUFQ0cUpEUFJLSXNEV2lDR0R2MklTaw?oc=5
2026-10-05T14:10:37+00:00,Enflasyon TÜFE (yıllık %),,29.73,%,,kural ile çıkarıldı,"Yıllık enflasyonda makas açılıyor: TÜİK yüzde 29,73, ENAG yüzde 46,61",Medyascope,https://news.google.com/rss/articles/CBMioAFBVV95cUxNb0d6M2Vlck1MTmpTTG1Dc0czTGFZVVF4a2NPTzhwaDJEa0luZXAtTWlvbzNZYnFPbGdaRExwMlp6ZTVBVUJIVWtPc3QzUmdGbzJoRTN6aXdCdDFPMkZIN0FneXp3dEJhdXdWRWxQdFNQQlJEa3VuNjIzZFhZVjRwWFM5eWN5MVpNWnRpdkZTelBuVmJaS3lXeEVscVhaYmZO?oc=5
2026-10-05T12:37:07+00:00,Enflasyon TÜFE (yıllık %),,30.0,%,,kural ile çıkarıldı,TÜİK açıkladı: Enflasyon yüzde 30'un altına geriledi,Ekonomi Gazetesi,https://news.google.com/rss/articles/CBMijwFBVV95cUxPT1liS1NfX1VrWHhDY2NyODduYnliS21ma3ZlVjBMbFV0S1pZZTNHYU1JQjBIQXc4bnV1NG9QUEkwRjl1eTNMZnY4N3FCcm1IcXRJRmRiTTkwMEEta3hnbDEtRkw2N0M3RUMyU0VuR2hZTXh2VDh4UlRNZzBKX1d0M1VGWFYyclRHNWtWejJlSQ?oc=5
2026-10-05T09:17:00+00:00,Enflasyon TÜFE (yıllık %),,30.0,%,,kural ile çıkarıldı,Enflasyon 57 ay sonra yüzde 30’un altına indi: Bakan Şimşek’ten 'düşüş' açıklaması,Cumhuriyet,https://news.google.com/rss/articles/CBMiwwFBVV95cUxQS2NhRzNBbXhDc3ZNLVE1ampMbUVSdzR0UVFWcnN4OTZSZmMweE03bURHTWdGY2FfWS1ya21WX0ZrZW00amFBUGMzblhqRE9LUUlKMW1GS1hXZk81aldwbHJDYXJSLTkxQ3dpRFZ0eENoTVhpYWlJVWVYcERWVVE0ZmZpSWpld1dZSC1vdk1ENGNfOWVPNmJHUkp4YTBRd3VONkxzZDFtdVZYSHhlLTdNOFQzbDZ6ZDctUkF0aU5LdGlkakE?oc=5
2026-10-05T08:02:49+00:00,Enflasyon TÜFE (yıllık %),,29.73,%,,kural ile çıkarıldı,"Enflasyonda 5 yıl sonra bir ilk: TÜİK'e göre fiyatlar yüzde 29,73 arttı",DW.com,https://news.google.com/rss/articles/CBMiuAFBVV95cUxQbzVBbnpDVDdDNlFxbzIwODVDRm5ZUWJrTnV0WG5aTnlzaHJaOGZuY19jLXV5NWZtQVBFTGxBdko3OC1xWnBPVW5iMm1scXdxOWZkd0UyYUw5ZHlueVFDa29HQUlTWjFCVGY2Q2dYa2NxY3hWMi1TZUpHb0FKQ19Pa2ljQ3JocUFtR3JwYXpJTjloU0RqVjRrQTdfQkphSDRQTDdrcUl4YkcwbWNISjFtTE81Vy1HUTg40gG4AUFVX3lxTFBHWDk1U0hOVHhpNmlvNWhqS2FQamFjTzNUYkw2S2dzT0hmcVo2Qlk1ck5mUUNyTzBMUE1iWk9CRm5YQTVyOEVuQ3lCc0tVZTBUcllQdzdmbUl0aklJSEZ0V0xhSjFGMzZCMmFtdFk5Yk1hSmt2U3NQanZDY2lYd0lycVVDcmJsVlFqeGg5UlZITHN5d0g0UjV2a0pZbUE1TzdDSEViMHV4X3F0SFh0UDgwTzJCWVhkTkw?oc=5
2026-10-05T07:41:00+00:00,Enflasyon TÜFE (yıllık %),,1.84,%,Eylül 2026,kural ile çıkarıldı,"Eylül 2026 Enflasyonu Belli Oldu: TÜFE Yüzde 1,84 Arttı",Medya Gazete,https://news.google.com/rss/articles/CBMimwFBVV95cUxNUk5qQWRFb3dhQmJjLVU4TjBaSkwxN1poZzFyb1VrLUI0Q094SkkyVWl3b29fTDQzRmlocFlrVUpXU2RzUldJY3pkTzVDQVRqWUVaVy1RZHRwV0VkNVJUUnp3S3RraWU2ZG1ldHdYZFVRVkQ1dG9YRFNvSG5KUm5vbFlIOU13TTVlOEZmQ251OTRGS2oycXFMTXZkWQ?oc=5
2026-10-05T07:13:18+00:00,Enflasyon TÜFE (yıllık %),,29.73,%,Eylül,kural ile çıkarıldı,"Eylül enflasyonu: TÜİK yüzde 29,73, ENAG yüzde 46,61 açıkladı",Euronews.com,https://news.google.com/rss/articles/CBMipgFBVV95cUxON1FKaWZjRlMyRUszbGxtS3pwRDhla1ZtOHhUbGdkUWFkWFlMR19VZzRxWktoZU5QVTN3SFpIbHNxMDdxTlM2S0ItTjNjaE1HZ0JpWXRWQmFOaEpoTHcwa19wX01JN3NweGxJOTVsbjVvYzdocXBVeGVpWTlhRzY4cFp0MWswUGk4WUFqcFBCcHk2NDRQZlJ5eU1pQTJGMkNPN3R0TUpn?oc=5
2026-10-05T07:07:25+00:00,Enflasyon TÜFE (yıllık %),,29.73,%,Eylül,kural ile çıkarıldı,"📊 Eylül ayı enflasyonu yüzde 1,84 oldu 📈 TÜİK: Yıllık enflasyon yüzde 29,73 olarak gerçekleşti",Instagram,https://news.google.com/rss/articles/CBMiUkFVX3lxTE9vTmo1eDRVRzFac1k2NEtjTzZXZk9rWjNOa2E5ZkIzYUFnYUlxNnZWS0RRNmE5R1RZenBGd2dLRGN2WmJPS3pUdklnR2ZDTC03NVE?oc=5
2026-10-05T07:05:00+00:00,Enflasyon TÜFE (yıllık %),,30.0,%,,kural ile çıkarıldı,"Enflasyon, 5 yılın ardından yüzde 30’un altını gördü",Korkusuz Gazetesi,https://news.google.com/rss/articles/CBMiuAFBVV95cUxPU2E0czdUdWRoc0ZNRFRZUWNjUXRva19rZS13X0U4eDcwTnBUNjdsREZNLWtxeWFxdDZWWG9ZVnA2UzNwMkJZeFNBNlZ5cE9tU3dCUlBJbFVmcmZ2cG1sX0wxVVdTd2cweU4taHNoWl8wQ2p3YS1YTUlPWnpDZVZqVll6V0t2TlRTRUdLU3h5eDhIQnJvazBvd1JSWXJpdmlOc3Y0bWh3MG9LWkFQV2F4YWpLWS0ya1N5?oc=5
2026-10-05T07:05:00+00:00,Enflasyon TÜFE (yıllık %),,1.35,%,,kural ile çıkarıldı,"Enflasyon açıklandı: Memur zammından geriye yüzde 1,35 kaldı",Memurlar.Net,https://news.google.com/rss/articles/CBMipgFBVV95cUxOeUVVTlMzU3pJTnlDS0l1TExuLWtTbFoxTndfTmRnSFBhcVprZE9pa1lyZk9hWmJZT2VjcjY3Snd6QlN3NGsxbkN0VkFzVVhXR2lEV3NZNkFjTnZ1MTJqVjA0YkVucTc3SmtvblJyRUFXRzdfYjE3SFI3UmNqcXNNUlhpWjlfVnFTV0NEeXMwVDVaTVR5ZGpoRHlXc0NITFFVc2FtenVB0gGuAUFVX3lxTFB2ZEVTWXYyN3BUbWlRWFJEZE8xU0VmemFlTVhtWkxBX3VDZXRzNkxLazBJamlRM2ktZEtPXzZvMnNObHFmanZBemRVUkUyT05pOWFDN2R3Mms5SWUwXy1mOWlIRnNSQUJ5ZklDV0xQOXAza3c4cVVoWkdvUlpRSXpKQjh5S0s2SEpXbW51Nk5LU29BX1Z1bTZybEs5RkFFb2ZVWGIxelcyM3dzNFc3Zw?oc=5
2026-10-05T06:57:00+00:00,Enflasyon TÜFE (yıllık %),,29.73,%,Eylül,kural ile çıkarıldı,"Eylül ayı enflasyonu açıklandı: Yıllık yüzde 29,73",Manşet Haber,https://news.google.com/rss/articles/CBMihwFBVV95cUxNaEd3Sl9reTdaVFFYR0RUdmlpSDBrRXYwMDBBNkxubUhlTlBFSE5XMkF4QVU4RG1RTmZUc2tMdUZUckJZU0JxSFI1VHlET244Ml9qU1Y0N04wNXBMX1NxS1hwbWtwMlp4cjIxd19STzdxNzJjeGpCQkpoYlRTc1NJNmhlNThoTGc?oc=5
2026-10-05T06:55:50+00:00,Enflasyon TÜFE (yıllık %),,2.1,%,Eylül,kural ile çıkarıldı,"ENAG: Enflasyon eylül ayında yüzde 2,10 arttı",Anka Haber,https://news.google.com/rss/articles/CBMiiAFBVV95cUxOcXltQmh5RHI0RXFXSGhpX1haNlpTYVJKcXNid2Q4R1Q5S2tEcTJlbUR1TlNfbmxIUGNub2MwNGdmMnQtYTJ2Z24wMjk3aUpQLUd0ckwzZ1p6cDVqVVZSSmtlbzhJcDFPQjdmZ0dNQWhWZDdZT3RVV2pnWHpMRVB6dk84elg2cFVN?oc=5
2026-10-05T06:31:00+00:00,Enflasyon TÜFE (yıllık %),,29.73,%,Eylül,kural ile çıkarıldı,"Eylülde enflasyon yıllık yüzde 29,73 aylık yüzde 1,84 oldu",Gazete Oksijen,https://news.google.com/rss/articles/CBMioAFBVV95cUxOaVpHekZMQ0FlYWpkd2d5SU01RUFHejMyaUV3Y0JHdHJNUDVYaExnUklBMUNjeVRoZkpnellOVTZYYmVPcjdTX3JiUENGWHhkUDM1X0lsbkFocTJsRTBUNF96SGdxQWtqeVFJMlMxYTNSc2dsYm1BdkRCLWdPa3lGSlBjNVBybTZ6TnZ4SkVKaWJHV0xNWkVLZVVoMmxmenVI?oc=5
2026-10-04T21:54:14+00:00,Enflasyon TÜFE (yıllık %),,30.0,%,Eylül,kural ile çıkarıldı,Eylül ayı enflasyon rakamları açıklandı! Şimşek’ten enflasyon mesajı! 57 ay sonra yüzde 30’un altına geriledi,Takvim,https://news.google.com/rss/articles/CBMilAFBVV95cUxNaEtFNzVQbWp4bnRITzFhV3RvU0stUGQ1RWJiSTlIX3hfTkNXUUN2VXVtY1ZEN3QyTHFYcFk4MkxmUV8wQUtLbnVuajZ2clN1TEdqZ0JiUldOdjRyS3FvVndRbTk3WEFLamR1RlNkV0dlLTdRcmxXSXUxTWlSV3J3UnQ5Q1BuLThnVGJoVG9Qal9icjRX?oc=5
2026-09-29T07:26:12+00:00,Tüketici güven endeksi,,100.0,puan,Eylül,kural ile çıkarıldı,Tüketici güven endeksi eylülde 100 puanı aştı,A Para,https://news.google.com/rss/articles/CBMikgFBVV95cUxNaHBpcmx4MUhLSUpmbEdRaHJaN2ZUcFJja1VZSnZKQUl6RWkxaUJSdFdPSzdya1luTS16VVFHSjZfdTU2TnlQcmdjUTRqclZaaTlralJjaW44UkZfZmh4bV9DZEdtUlBVNXhKTHhKUldtb1draHFxM2lVQVROQV9BNnFTbGJDTFNTUE5sLVRjXy1vUQ?oc=5
2026-09-25T08:51:00+00:00,Kartlı harcama,,680.0,milyar TL,,kural ile çıkarıldı,Kartlı harcamalar 680 milyar TL’yi aştı: En büyük artış market ve akaryakıtta,Kocaeli Gündem,https://news.google.com/rss/articles/CBMitwFBVV95cUxOVkt2OXgwSFJLbXdDeDNxemlPcTdzUV8wNzlZWWU2QnowblZfSHp2c2FqdjVINXJlNlVTSmFRZmpMU242TDRxMjlBaGJUNGMwV3NWOUQwbDF3SGRYb2J1TV80TEFKUlktNnpXQXNVcjFqa0x5aTRvR2t2OXdXYjFBeUZndHV5RmZRT0JQRmJ6MGRCcGdXaDBscmtoaWNZRkMzdkc0QzlodjExTXVuTGt4YmRGWTRvS1nSAbwBQVVfeXFMT2pzWkFHYlRZUER2anJWQnhQbHdXT2JVNWx4NHQwTEMxYkVxRmlhc0JodXF3NmxtNW9GOThNcm51dnBzYU9BV2hlejVacUdqTmlWVXJxUC02X1h1VUszSHJXS1RmdlZRWTZ4cEpPMlE0OHFVSHJJOHZCY0F5M252a3NVUlhDMUUzblVKT2lEZVBRanJlQ2NqU1BEYVZFcU9LcUVSWlhWb2lBSG1VUzlNc3IyWnFOMzh5VTByQ0Q?oc=5
2026-09-22T11:59:18+00:00,Tüketici güven endeksi,,91.9,puan,Eylül,kural ile çıkarıldı,"Tüketici güveninde yükseliş: Eylül ayında 91,9 seviyesine çıktı",Bmag,https://news.google.com/rss/articles/CBMikAFBVV95cUxPdjlvdUI3S01nV0N6amhPT3ZIcGFFZTNNMFZCNEZvM1BKNXdJYjBSUU0xaHZkY0R1cmlnbEVtT2xSNFN6WGFfcXBWWjFQRWpGcHNWenNTQ0RJT0JqOURPUlEyZGRHbUVDMUs3YmpwZTVtbnpfQks5Y0w0OG40b1NYZ2FfQ3kxamxPRTA1RVJvb3U?oc=5
2026-09-22T09:08:07+00:00,Tüketici güven endeksi,,91.9,puan,Eylül,kural ile çıkarıldı,"Tüketici güveninde eylül yükselişi: Endeks yüzde 1,3 artarak 91,9 oldu",A Haber,https://news.google.com/rss/articles/CBMikAFBVV95cUxNV21NRUI0YkZ3dUJUb1BsQmQteFVUSXBiOVd4emdWbm5nYU9uQmF6bTJXYnFYeE1IVWxBMHNWTnhqcE1XclV2X1RMSmpNVmc1a1A5YXczMDlkXzBwSWVwVlRIMzBFT2hXLWJkWHlLVXJmZlRDdEN5ai1kc2hRUUduUldaVVBCVGFnMUdvRVRzWVo?oc=5
2026-09-22T07:35:00+00:00,Tüketici güven endeksi,,91.9,puan,Eylül,kural ile çıkarıldı,"Tüketici güven endeksi eylülde aylık bazda yüzde 1,3 artarak 91,9 oldu",Hatay Asi Gazetesi,https://news.google.com/rss/articles/CBMinAFBVV95cUxNUHByVWJ3Q1VocWQ2ODdTM2x6RElJNVB4bFZuZHJiNnR1SG41cGpQWGJUdGFsNVUzdzRwUlRIMW9aa2ZBSEtSYW5aMjA4aHZTTEYzUXRDcUZlcXJxaW1QUUdhUGVlVmM1cWFxb01RY2FTSmtsMzg2N3EtWkhQU1VqNWdrU2VHbWJ4TmZDczIzcFhOZ3dtX3dzQlJ6d0U?oc=5
2026-09-22T07:06:09+00:00,Tüketici güven endeksi,,91.9,puan,,kural ile çıkarıldı,"TÜİK- Tüketici güven endeksi 91,9 oldu",hibya.com,https://news.google.com/rss/articles/CBMib0FVX3lxTFBVV0FlbFhidUpSUWhfNmNhZ2drejBZcE15OTUyRXFoQUF0c3NYSUl3NWd0TEI5dzhCVzVnMkpIcl9tbzZFUW85SmJ0VFlKWkRsTlJUXzJVN1JqTnFYXzctYnhhLVlBQmo1cDN5WUQ5VQ?oc=5
2026-09-22T07:00:00+00:00,Tüketici güven endeksi,,91.9,puan,Eylül,kural ile çıkarıldı,"Tüketici güven endeksi Eylül'de yüzde 1,3 artışla 91,9 seviyesine çıktı",Haberler,https://news.google.com/rss/articles/CBMioAFBVV95cUxQQkNneUctcGE2bTdpVWNxVkNwTlFzMFp2dFpCQWRxYUZoT0dsOGJPYmJaTmRTZ1pMSFhkTHk1MnBsbjlNZGRTZlNjRy0xQ0gzaWNfNVZSX1VDeXBMMzJuUG9mZnFlX3FVRUlVU2wtekJFeFpTcUo5eUdfbTdKdGc5UjN2aVZSbmJmT05kZU5ydURfRmhfTmNYTkZ4bEhCcFN50gGbAUFVX3lxTE4wQ1hqUlg2YVdkWVJGZmNFZGFQRjg3NFAtQTZhNVBXNXphU3YyZ0VqU1RtcWdNSE5iU3VJdFB4dzlCMUdpSFNuN0tRcEM5R3JrYnpmSktJSV9pWVltbXBBTDl5Y1FWZ3doVWNaeXdCY3NuVkxNS3p0TGkwYXBlQkRScTZBNGFtNkg5d216bTNvVUpYR19iUmpwYkl3?oc=5
2026-09-22T07:00:00+00:00,Tüketici güven endeksi,,91.9,puan,Eylül,kural ile çıkarıldı,"TÜİK: Tüketici Güven Endeksi eylül ayında 91,9 oldu",Anka Haber,https://news.google.com/rss/articles/CBMikAFBVV95cUxOY3poeGFWdnA0cjctMkJuOGZvTjI3QlBiZmg2bjNYS0tSOXFsOUlMb1hPaDdHVDlDRTRfQkdpY2F2MlI5MkNlYk4yaV9UczRZR2RnNUZQUnZfZnVkZFRseFdLMGdhRXNEZkp6d215elUtSlVOTkRtRklUQmJ5X1pXakZmc2RHVXljclpreS1IX1Y?oc=5
2026-09-22T07:00:00+00:00,Tüketici güven endeksi,,91.9,puan,Eylül,kural ile çıkarıldı,Tüketici güven endeksi Eylül'de %1.3 artışla 91.9'a yükseldi-TÜİK,TradingView,https://news.google.com/rss/articles/CBMieEFVX3lxTE9vX0M5X3NUYVBzYzZHcXg2Ulk3V24wVXYxNlVNaEQ4VGtJaWZSWXpGVjhZY050aFZvb0ZTVWZITkdFcjNSaDJWOFJRWjA1bTFnUHNlR3dKc0U4OWZhcUJuNUhUeFQ2YVZvd1dxbTQxU3UxNEp5RVlFcQ?oc=5
2026-09-22T07:00:00+00:00,Tüketici güven endeksi,,91.9,puan,Eylül,kural ile çıkarıldı,"Tüketici güveni eylülde yükseldi: Endeks 91,9 oldu",Yeniçağ Gazetesi,https://news.google.com/rss/articles/CBMimAFBVV95cUxPeGZydHUwTGt5eW1USGpTMVBzdzQxOWtCdkdYSE45QzhrTTNTYkE4RjEzWFBMRkxEc0ltTE5sajhkd1ZDWEFzZFpEVW1tcGNIbmgzSTVPclFDczN4T2V0NkpKZGdTUnFlcnVmV1Z2VllGUXpwZ3dPenczZDJfeTRwZmpiLWlpeDRHbVdGY0tSNzlSRUJLR1V5bQ?oc=5
2026-09-22T07:00:00+00:00,Tüketici güven endeksi,,91.9,puan,Eylül,kural ile çıkarıldı,"Tüketici güven endeksi Eylül ayında 91,9'a yükseldi, artış yüzde 1,3 oldu",Son Dakika,https://news.google.com/rss/articles/CBMiogFBVV95cUxNZ0VIQmM0a2ZwNXhPS1BLWkFXd1p6MjR4VHVPN3JqRG16NGY4X0ZuOHVRUkhPRy1aNlRSaTRLd3pwRjlUdDMzVXdMRmNNS21YbnNJMEVnbER2ZGFRckM0dTQyWm1ISUpCSDhwQWFXT3lrbFo5ak5SMWF0ZzFfcE81Sk42UjdDSVg5QWc3RlBfMVNLa0N6a24tYXBDVU1JamdnOEHSAZwBQVVfeXFMTVhxN2dlVUo4ZlczNnZJRklKU2R5Y0QtV2xJVHJQdC12ZnBJT2RFMmY0dlpRMTVkb2VRS3UxWmVnOHo0YnNGa0wtZTNlWWRBUVAyaWNINHUwRVBEWXF4aEw4a0tGYzkwd3JNUU80QXlkVmIzR1VOUm1tNHRVWWhxNVhqS1RISVFLek9UNDF5ODNWak1qUTFZY2pING1m?oc=5
2026-09-22T07:00:00+00:00,Tüketici güven endeksi,,91.9,puan,,kural ile çıkarıldı,"TÜİK: Tüketici güven endeksi 91,9 oldu",TV5 Haber,https://news.google.com/rss/articles/CBMia0FVX3lxTE1tTkwwMWNQRUtHUk9uVXFnNVN6cFQ0UmxCX24wc0R6dFhtSFFxNjVGd1BRcWxid0I4aHpPQlhZeFE2MnpSRUlTYUxMdzB6eWFwb0hONVl6OVMwQ1o0TUpMbTVqSXhhY3BfZnFV?oc=5
2026-09-22T07:00:00+00:00,Tüketici güven endeksi,,91.9,puan,Eylül,kural ile çıkarıldı,"Eylül ayında tüketici güven endeksi 91,9 oldu - Finans haberlerinin doğru adresi - Mynet Finans Haber",Mynet Finans,https://news.google.com/rss/articles/CBMinwFBVV95cUxQZHhVOHFQdlNDenYwMGVuckZOcGk2OXV3dEtNNkZqMUJtajVzT04tOXJ5QXNnNmxGRTBrOG1ZbGhoeFJpcUczU0pnakNpVHNJaU8tSU9kaDJWNUJFMjdSVHVfUUdzbU5MTExENHVHQlVPYkU1QTh4ckNVX2R3UTVQWDh2WTBZSUpnbHFMbGJ2Z19VX0t5cXFMT2hvcXBIZnPSAY4BQVVfeXFMTTRYR3RtZGpfMk5RdTBqM2o2WXJKcVFvXzJYREhqOUR6TVNoUEMyamlWaHo5TnVDY2Fwb0h3UHktRVF3amZkXy1uRTg2NXZ0d1E0R2QwZDFwVDFOeUdzNWp0cFlzcFVyRmdFUW4xYTFQZnhpWDcwRzRkdWlOcmkwUHJ3QnZwaHRtRUhzc29PUQ?oc=5
2026-09-22T07:00:00+00:00,Tüketici güven endeksi,,91.9,puan,Eylül,kural ile çıkarıldı,"Tüketici Güven Endeksi eylülde 91,9 oldu",Habertürk,https://news.google.com/rss/articles/CBMiigFBVV95cUxNN2VJVFIwZUFOZWExcS13ZUJRbnJCSzZ2OVhqSUpKX25XeXRkeE8ydDdBSklMZ3ZsRTV5N0hkeEpXbnhpRW9mVFR5Zjl2dVFRMDBsTGdEeXkxcmtWR195YW1aNXB2ZG1aTV90ZFpoU0V1SDUwQ1JueHVCQXlqLWFmT2pFOW1PVDF5enc?oc=5
2026-09-22T07:00:00+00:00,Tüketici güven endeksi,,91.9,puan,,kural ile çıkarıldı,"Tüketici güveninde 8 yılın zirvesi! Endeks 91,9'a çıktı",CNN Türk,https://news.google.com/rss/articles/CBMimAFBVV95cUxOUERUOUpFVW9WYXF1VFR1YUM1cnFCM1lETGtIZWp4UGprRHMwa3V5Y1ZwRlJjV2RHVjBteHpFMDRnZnJ0dGJFYVhsTGdFTEtWQlJMSkxJeHRvOGM4czkxb0hNajVtc3l2RDVEWkFQelF0ZkczNXl3cDd2SWlrX1ljVVMzY2RzZ0FGQUthOEhzSVl3RWdRdUNfRw?oc=5
2026-09-17T10:18:00+00:00,Kartlı harcama,,3.0,trilyon TL,Ağustos,kural ile çıkarıldı,Kartlı ödemelerde dikkat çeken tablo! Ağustosta 3 trilyon TL’lik harcama yapıldı,Ekovitrin Haber,https://news.google.com/rss/articles/CBMipwFBVV95cUxNQlZoeXUxdkFIdWY3bWVCY2Y4clItaGRhMkh1M2RablBuaVp2U3VCbkhVRFZuNlIzZXBTOVR2c3ZjVS1WYVN1QVN2bC1DRWM1Z1Bod2dSalVkSHFVWTRqTHhVMHVwMWU0bXNldVVfajN2YW5UNDk0VEl0WGxDejRBYTMtbExqU0QwdWlkNkI3dDVXblV1VWdPVXpzTTNmVmRCX2ZiVzdmUQ?oc=5
2026-09-17T07:00:00+00:00,Kartlı harcama,,3.0,trilyon TL,Ağustos,kural ile çıkarıldı,Kartlı harcamalar hız kesmedi: Ağustosta 3 trilyon TL’ye yaklaştı,drttv.com,https://news.google.com/rss/articles/CBMijgFBVV95cUxNaFlJbGFycG1zdkR6UGhGams2Wmx6OE5lUHFuQUpRam15YVlNbDN4ZkNuSWc4UjA5WlBSZzRWQXFyX0lpMy1MSEdxbzE5Nkc4UU4tU0Z6cURYUlVmWDlQM1I2QWJ2MkNOQzB3N1dPQWV0cDR4cmhKVkFxN2hEcldKeEczMVdQNE9jUGltR3ZR?oc=5
2026-09-12T07:00:00+00:00,Perakende satış (yıllık %),,10.4,%,,kural ile çıkarıldı,"TÜİK: Ticaret satış hacmi yıllık yüzde 0,6 azaldı, perakende satış hacmi yıllık yüzde 10,4 arttı",Anka Haber,https://news.google.com/rss/articles/CBMiywFBVV95cUxOcl8ySnd1RGFpNEI5NGw2c05PYlN4YUIwc0tNeFU5V3AyX3FlaERwNFROLUFXRkJkNE9RcDFYX2E2QWlLS2dUWG84WFZDUXZPanBnM0U0ekw4b2ZZY1UwS0NHNWVMdGhldGRHOWRIYnRZY0F6RmwxYXoyLWJBaER6UVQ3Q3R3SjIxMnBPdWJoR2xKcXdEdEZoTlBQNkpoZFJvU2RlTm5HV0ptRENzNkhUTnk1ak9hM1ZuaVB5NmFDSDdQS1JEMzZpeVYtTQ?oc=5
2026-09-11T07:00:00+00:00,Perakende satış (yıllık %),,10.4,%,Temmuz,kural ile çıkarıldı,"Perakende satışlarda güçlü artış: Temmuzda yüzde 10,4 yükseldi",CNBC-e,https://news.google.com/rss/articles/CBMingFBVV95cUxNbERwN0Zla080cEVnOEJyRWdFX2xGTEFwaUpxcEhvTkd1YWtyUkdxaHREczBJM1BMUURuZDdxMUw2QnRvWndrMkYzTjJRNkVRZnFlbk1yd0lhcmVVRFlPdzh4QWZZc0NyWWZPSVdobUVyMzRwYU5kT3l4M0p2X19Gc1NVbjVEZ0pOQTNGZERpTWhxQzNmS3lnSDhkc1RvZw?oc=5
2026-09-11T07:00:00+00:00,Perakende satış (yıllık %),,10.4,%,Temmuz,kural ile çıkarıldı,"Perakende satışlar temmuzda yüzde 10,4 arttı",Ekonomim,https://news.google.com/rss/articles/CBMilAFBVV95cUxQVkVsSDNTSkNvQ0RVNXdnWllTOWFETG9KZjFreXFOSUJuZ3ZtMkpOTVVBVzZzT0JsdTdaMFpyMEtDa2ZobnpTU1hiVmRDYzJUQVItSmdMQTF6NEYzdDVxQm9OdXZmcVNERFJJYko3RFJMbFp3MDIxWHVpR19FRmcySXdhSUdtdTREU1kxZkgtLURkSFNm0gGaAUFVX3lxTFBLb1NCNjlDMGFoWWd5NWItakpDRUJwd2hLTHVUOG1IaVZqQzRlVGhxM0hlc3l1R09tdGpjNFByRDVna2VHMU9pSHNPc3lhSEpCZWpQeldCMXJPenVUVWJXOGZWbW5yTDFudGhFZDlvc0VjX0d5cVBtVWl3RlItXzhwS3dWZVJ0ajRXcUlNdV9nMjNTZGRydWV2WHc?oc=5
2026-09-10T07:00:00+00:00,Politika faizi (%),,37.0,%,,kural ile çıkarıldı,Faiz kararı belli oldu: Merkez Bankası neden yüzde 37'de takılı kaldı? Düşüş için ne bekleniyor?,Cumhuriyet,https://news.google.com/rss/articles/CBMi1gFBVV95cUxQXzRiTU1KMXlXdXN3THd2R1pMUWU2cjZWaWNWUEx6VXpSMm1ITmV0SlNFMGF3TGpFS09EbnFISGRfS0RNcU9JMTZPTnJMSlcyS2NfeTN6Q1FtRUlUVGZBNlZrVlFLNDQ0akxZRzFNS0psclRmcXJ0QVJQRzRaWXFhQlVqVzcwOFZJYVdmakNMcFpMWVlhVWpvZFNIWnUxZDdmZEFBVkEwSUJiQnJlS2M5eHhfQ1VFelVMLUdaSVJjVGpnOHVNYklkSV9PdUh4bWpBOUVHYWp3?oc=5
2026-09-10T07:00:00+00:00,Politika faizi (%),,37.0,%,,kural ile çıkarıldı,Ekonomistler TCMB'nin faizi %37'de tutma kararını nasıl yorumladı?,BBC,https://news.google.com/rss/articles/CBMiXEFVX3lxTE9PRDVOcE9wRzh0UDJ0T1djRWhFaGwxeTczaFVwdlNZb0g0cXd5QllpaWRCU3NERU9lYXFRMmtKTDB4SEswX2pvUDRkSU9oRlhKaVZNMUQ5MFpfVnN60gFiQVVfeXFMTlhFLUFqRUhHTXkxWnE2ekdHOGx3akpiUDlGSWFRaENJakl2N2lTMzlaZ1NfWTF0NERDMTQ4Q3A3VEpnYXJJX1lGVTFlc2dTVWg1Wmkya1R0Q1hBY0hjNkUxUEE?oc=5
2026-08-22T07:00:00+00:00,Tüketici güven endeksi,,90.8,puan,Ağustos,kural ile çıkarıldı,"TÜİK: Tüketici güven endeksi ağustos ayında 90,8 oldu",Anka Haber,https://news.google.com/rss/articles/CBMikwFBVV95cUxPWk42OVJ2ckdFSGV2QmZGZHJERlB3U0NKaklscXp1MXh0X09pY0ZsallJenNMXzhLV1RKX0ZvN09MWkk5dkNreXY3dWZaWjhkWGNoNFVNSTQxSF9fNEtueHdsX2JZN3JORlVLQ0U4bXRxRnNzMzN4LTZ2Vlk1NURPbU1pYWZ0VG5KcmNSOFpMVC1TNkE?oc=5
2026-08-21T07:00:00+00:00,Tüketici güven endeksi,,90.8,puan,Ağustos 2026,kural ile çıkarıldı,"TÜİK: Ağustos 2026'da tüketici güven endeksi 90,8 oldu",TV5 Haber,https://news.google.com/rss/articles/CBMif0FVX3lxTFBJOXM5VVpPaEF2bE8xQ3R3bVo3SmhYOUEtQXJnTUF1RGFESWIyLXJlV21QWVFjYkhLWG5VT29LU2p3Y0ZaRk91T3dpTmxfZURDQk1SX0M0VXp6WUFhQWs0RE0zUDNscmJYLVc5Ty1HVUhadzhhVllzcmFRTFV3d3M?oc=5
2026-08-21T07:00:00+00:00,Tüketici güven endeksi,,90.8,puan,Ağustos,kural ile çıkarıldı,Tüketici Güven Endeksi Ağustos’ta 90.8 Oldu,Alomaliye.com,https://news.google.com/rss/articles/CBMihwFBVV95cUxNRER5cTlQcmdfRkdrY1RMbFQwT2E5cUI3RXdndXFMaFRBaDdyRXY2c3RqZnZkSEVzV3dWU3ZDTUEwdEhOWjBHdGF3UkNqRFdoY041UDJoSld4ckRhU2Q4SS1vRDlkWldOYVJtUFduUlYwMENyOThvSkhNTE9tX0lDLXBCQ0RTNU3SAYwBQVVfeXFMUEcwdEpkaVJTdm9DUUN2TnRIY0xsZVQ2aTY0Qm10TFlLenNhSXoteXF5czN0em10S3p3WExhaEQ2WWdUVEJqQzRhZGlzMGp2UHA5LVBFXzF2RUsxVGJ4QnNza01PVU5XeWdNRzNJaFM2a0hJb0h4RDdrS01rUVJTUXFhZUc5RkFvcC00RVI?oc=5
2026-08-11T07:00:00+00:00,Perakende satış (yıllık %),,11.8,%,,kural ile çıkarıldı,"Ticarette perakende satışlar yüzde 11,8 arttı",Ekonomi Ankara,https://news.google.com/rss/articles/CBMiiAFBVV95cUxOam5FVUlVMVhVdWxRY3NSZUhlX3FoZUc5eWdtaF9IbEFIRG9iSm0waEE3VGllNWdVVDl6OFlCR2o4MXhseF80S055cnlpNlQ0Qm5GVlFhYW1QWkNMUG5lQ0VFYmU4ZEpzS1l3TGcxRWZsN0pFN2Z4OVotaDgxMHZ0Z0R2WmtZQ0RJ?oc=5
2026-08-01T07:00:00+00:00,Beyaz eşya satışları,,-19.0,%,,kural ile çıkarıldı,"Beyaz eşya sektöründe alarm: İlk 6 ayda ihracat yüzde 19, üretim yüzde 15 geriledi",ParaMedya,https://news.google.com/rss/articles/CBMivgFBVV95cUxPaGlWLTBYbUNRZ1ZPTVZEV2hNWnNEY0ZIb21lRHpuT1h4cXg0VnFKN3U5TU9wa3NvTUd4SmJnaFFJeHVaRXFiV1FzbnZNMTdsMHpyZ0VRTndFMUdTTVZpVHdyRnFjRG1OR0s5R1h5ekNpblp6WlktaWtFSkR0UHZXYThmSGdrZExsTzZFcjhhNDZsamQwaEd0clFhOFN2NjVuaUExU0FBb2lOM3EtOVU1czBFMVREaU4wZDhYbEp30gHDAUFVX3lxTE1MVk5rd001dEllSWdGZlVsTDFMT3hEaGdaUkFDdjBrc0Q2cmFHWmNxTzlnYWdCZDJfcXJmWlRsc2hoOW5rY3haMEtocmFZdV80a3lBbHFmM2htZjEzYWstcFltMkQzU3pGaU9qdVhxdmdfZE1jNmR2YmF1MWpZSmMwV2FocllNcEhDcUMzQ25wMVI0N1JWeVhNMk9jc3dkeldGTzc4bkd5QlJ2X1ltRjFHVHFGU19NT3p5WTdFT25pX3RMUQ?oc=5
2026-07-24T07:00:00+00:00,Şirket net kârı,Teknosa,1.0,milyar TL,,kural ile çıkarıldı,Teknosa’nın 2026 ikinci çeyrek net karı 1 milyar TL’yi aşabilir,Paratic Haber,https://news.google.com/rss/articles/CBMiigFBVV95cUxQOWIya1BLVUY5RzBfc3M0TmdDeWljaldyZWJuUjZDUm1MRVRZVEV4cWtXclhaMkh3RHZHVmp5aGpXc09QUm1DRVN2SGpiSXdneDRtckcyWHBzcWdpdmZsM3Q4bW0xbXlFclE5YWxUS1Myb0hnamFfa1ZSNjNHY0hmRExkQ3RfNDU2SFE?oc=5
2026-07-23T07:00:00+00:00,Tüketici güven endeksi,,89.8,puan,Temmuz,kural ile çıkarıldı,"Tüketici güven endeksi temmuzda aylık bazda yüzde 2,2 artarak 89,8 oldu",Anadolu Ajansı,https://news.google.com/rss/articles/CBMisgFBVV95cUxON3Z6RHBvUGczRjZlWFhsSlVvRkhmT0JwSWFKQ3FXN3BVUjkyM2Frd2dPZXB1Q0xYelc3UE9TZ1RpRkpDZmJpOVNwYmNXOHNvU0xlX1Qtbkdnd3g1UHVjcFB4cHRXSS00eFlfVlhxZm95Z2lKbktWc2JEQUw4Q0xyS0wwa2o1d3FpcHNGeFpWNWlUMXNOTTZTazVodzhnczFOd1ZaS2xfSmZ6SzQ4Y3BsYnFR?oc=5
2026-07-23T07:00:00+00:00,Politika faizi (%),,37.0,%,,kural ile çıkarıldı,🚨 Son Dakika 📌 Türkiye Cumhuriyet Merkez Bankası yılın 5. faiz kararını açıkladı. 📊 Para Politikası Kurulu politika faizini yüzde 37 seviyesinde sabit tuttu.,Instagram,https://news.google.com/rss/articles/CBMiVkFVX3lxTE5kcHNVVjRXS1FaQkRmbWY1aVhNNHdRZVhQelNMT1h5RElweW15LV9ETjFqYTFlcFBNSUNyRElSNElmbUtFd2FtT2JScUo2YnBQRmhIVEtB?oc=5
2026-07-23T07:00:00+00:00,Tüketici güven endeksi,,89.8,puan,,kural ile çıkarıldı,"TÜİK: Tüketici güven endeksi 89,8 oldu",Anka Haber,https://news.google.com/rss/articles/CBMif0FVX3lxTFB3cms0RGszc3ZabWlEd3M2TVgzZEZMbzBsRXdhUjc0Slp0dEZqTk5uVmI1RUFGakk0R18tX0xNeWc1eUk4UEMwbDFvSmdiN01BR0drckktZk1GbXoyZEdVN3U1UVQ3bl9LY00telg0VHhlSl9ZUmFTcS1sQ1Zzd28?oc=5
2026-07-16T07:00:00+00:00,Politika faizi (%),,37.0,%,Mart,kural ile çıkarıldı,"Mart, Nisan, Haziran'da %37'de sabit 🔍TCMB Merkez Bankası Faiz Kararı Toplantısı ne zaman? 2026 TCMB faiz kararı toplantı tarihi hangi gün?",Uzmanpara,https://news.google.com/rss/articles/CBMikgJBVV95cUxNWFdQQU94R2FVYlBCdEJ4dTY0aHdsWDVGeklvTVZ3eFZaNDRWaUg4cEVvRmc3SWROZFpEeGducTJ0MDB0TGNMU3lZMTZ0OU00cDlFZnRRSlhKajRZUld1QVlGRG43dG1qSkd2TllnWU9sbXVsRnVzMVZENDE4aHVEUXVWRmE2c0J1MjRndmR3ZzZIeU95X0JBT3E2Y0IwbVdfRy1IOExpNlA5cWFFRXVvQWFtaEVOWEVCcXlyd3J5RVpwbS1jZ3BIUThnMmpnc0ZZRUhVaXotUzBCZ1NFTC1fMTJiMk5ra1V2Y0dkc1V3RHZWZHlEelc3NXQtVXo2V1BEd2o0TG8tMmo2MlZ4cXhmdHln?oc=5
