donem,yillik,aylik,endeks
2005-01,9.24,0.55,100.0
2005-02,8.69,0.02,100.02
2005-03,7.94,0.26,100.2801
2005-04,8.18,0.71,100.992
2005-05,8.7,0.92,101.9212
2005-06,8.95,0.1,102.0231
2005-07,7.82,-0.57,101.4416
2005-08,7.91,0.85,102.3038
2005-09,7.99,1.02,103.3473
2005-10,7.52,1.79,105.1972
2005-11,7.61,1.4,106.67
2005-12,7.72,0.42,107.118
2006-01,7.93,0.75,107.9214
2006-02,8.15,0.22,108.1588
2006-03,8.16,0.27,108.4508
2006-04,8.83,1.34,109.9041
2006-05,9.86,1.88,111.9703
2006-06,10.12,0.34,112.351
2006-07,11.69,0.85,113.306
2006-08,10.26,-0.44,112.8074
2006-09,10.55,1.29,114.2626
2006-10,9.98,1.27,115.7138
2006-11,9.86,1.29,117.2065
2006-12,9.65,0.23,117.476
2007-01,9.93,1.0,118.6508
2007-02,10.16,0.43,119.161
2007-03,10.86,0.92,120.2573
2007-04,10.72,1.21,121.7124
2007-05,9.23,0.5,122.321
2007-06,8.6,-0.24,122.0274
2007-07,6.9,-0.73,121.1366
2007-08,7.39,0.02,121.1608
2007-09,7.12,1.03,122.4088
2007-10,7.7,1.81,124.6244
2007-11,8.4,1.95,127.0546
2007-12,8.39,0.22,127.3341
2008-01,8.17,0.8,128.3527
2008-02,9.1,1.29,130.0085
2008-03,9.15,0.96,131.2566
2008-04,9.66,1.68,133.4617
2008-05,10.74,1.49,135.4503
2008-06,10.61,-0.36,134.9626
2008-07,12.06,0.58,135.7454
2008-08,11.77,-0.24,135.4196
2008-09,11.13,0.45,136.029
2008-10,11.99,2.6,139.5658
2008-11,10.76,0.83,140.7242
2008-12,10.06,-0.41,140.1472
2009-01,9.5,0.29,140.5536
2009-02,7.73,-0.34,140.0758
2009-03,7.89,1.1,141.6166
2009-04,6.13,0.02,141.6449
2009-05,5.24,0.64,142.5514
2009-06,5.73,0.11,142.7082
2009-07,5.39,0.25,143.065
2009-08,5.33,-0.3,142.6358
2009-09,5.27,0.39,143.1921
2009-10,5.08,2.41,146.643
2009-11,5.53,1.27,148.5054
2009-12,6.53,0.53,149.2925
2010-01,8.19,1.85,152.0544
2010-02,10.13,1.45,154.2592
2010-03,9.56,0.58,155.1539
2010-04,10.19,0.6,156.0848
2010-05,9.1,-0.36,155.5229
2010-06,8.37,-0.56,154.652
2010-07,7.58,-0.48,153.9096
2010-08,8.33,0.4,154.5253
2010-09,9.24,1.23,156.4259
2010-10,8.62,1.83,159.2885
2010-11,7.29,0.03,159.3363
2010-12,6.4,-0.3,158.8583
2011-01,4.9,0.41,159.5096
2011-02,4.16,0.73,160.674
2011-03,3.99,0.42,161.3489
2011-04,4.26,0.87,162.7526
2011-05,7.17,2.42,166.6912
2011-06,6.24,-1.43,164.3075
2011-07,6.31,-0.41,163.6339
2011-08,6.65,0.73,164.8284
2011-09,6.15,0.75,166.0646
2011-10,7.66,3.27,171.4949
2011-11,9.48,1.73,174.4618
2011-12,10.45,0.58,175.4737
2012-01,10.61,0.56,176.4563
2012-02,10.43,0.56,177.4445
2012-03,10.43,0.41,178.172
2012-04,11.14,1.52,180.8802
2012-05,8.28,-0.21,180.5004
2012-06,8.87,-0.9,178.8759
2012-07,9.07,-0.23,178.4645
2012-08,8.88,0.56,179.4639
2012-09,9.19,1.03,181.3123
2012-10,7.8,1.96,184.8661
2012-11,6.37,0.38,185.5685
2012-12,6.16,0.38,186.2737
2013-01,7.31,1.65,189.3472
2013-02,7.03,0.3,189.9153
2013-03,7.29,0.66,191.1687
2013-04,6.13,0.42,191.9716
2013-05,6.51,0.15,192.2596
2013-06,8.3,0.76,193.7207
2013-07,8.88,0.31,194.3213
2013-08,8.17,-0.1,194.127
2013-09,7.88,0.77,195.6217
2013-10,7.71,1.8,199.1429
2013-11,7.32,0.01,199.1628
2013-12,7.4,0.46,200.079
2014-01,7.75,1.98,204.0406
2014-02,7.89,0.43,204.9179
2014-03,8.39,1.13,207.2335
2014-04,9.38,1.34,210.0104
2014-05,9.66,0.4,210.8505
2014-06,9.16,0.31,211.5041
2014-07,9.32,0.45,212.4559
2014-08,9.54,0.09,212.6471
2014-09,8.86,0.14,212.9448
2014-10,8.96,1.9,216.9907
2014-11,9.15,0.18,217.3813
2014-12,8.17,-0.44,216.4249
2015-01,7.24,1.1,218.8055
2015-02,7.55,0.71,220.359
2015-03,7.61,1.19,222.9813
2015-04,7.91,1.63,226.6159
2015-05,8.09,0.56,227.885
2015-06,7.2,-0.51,226.7227
2015-07,6.81,0.09,226.9268
2015-08,7.14,0.4,227.8345
2015-09,7.95,0.89,229.8622
2015-10,7.58,1.55,233.4251
2015-11,8.1,0.67,234.989
2015-12,8.81,0.21,235.4825
2016-01,9.58,1.82,239.7683
2016-02,8.78,-0.02,239.7203
2016-03,7.46,-0.04,239.6245
2016-04,6.57,0.78,241.4935
2016-05,6.58,0.58,242.8942
2016-06,7.64,0.47,244.0358
2016-07,8.79,1.16,246.8666
2016-08,8.05,-0.29,246.1507
2016-09,7.28,0.18,246.5938
2016-10,7.16,1.44,250.1447
2016-11,7.0,0.52,251.4455
2016-12,8.53,1.64,255.5692
2017-01,9.22,2.46,261.8562
2017-02,10.13,0.81,263.9772
2017-03,11.29,1.02,266.6698
2017-04,11.87,1.31,270.1632
2017-05,11.72,0.45,271.3789
2017-06,10.9,-0.27,270.6462
2017-07,9.79,0.15,271.0521
2017-08,10.68,0.52,272.4616
2017-09,11.2,0.65,274.2326
2017-10,11.9,2.08,279.9366
2017-11,12.98,1.49,284.1077
2017-12,11.92,0.69,286.068
2018-01,10.35,1.02,288.9859
2018-02,10.26,0.73,291.0955
2018-03,10.23,0.99,293.9774
2018-04,10.85,1.87,299.4748
2018-05,12.15,1.62,304.3263
2018-06,15.39,2.61,312.2692
2018-07,15.85,0.55,313.9866
2018-08,17.9,2.3,321.2083
2018-09,24.52,6.3,341.4445
2018-10,25.24,2.67,350.561
2018-11,21.62,-1.44,345.513
2018-12,20.3,-0.4,344.1309
2019-01,20.35,1.06,347.7787
2019-02,19.67,0.16,348.3351
2019-03,19.71,1.03,351.923
2019-04,19.5,1.69,357.8705
2019-05,18.71,0.95,361.2703
2019-06,15.72,0.03,361.3786
2019-07,16.65,1.36,366.2934
2019-08,15.01,0.86,369.4435
2019-09,9.26,0.99,373.101
2019-10,8.55,2.0,380.563
2019-11,10.56,0.38,382.0092
2019-12,11.84,0.74,384.836
2020-01,12.15,1.35,390.0313
2020-02,12.37,0.35,391.3964
2020-03,11.86,0.57,393.6274
2020-04,10.94,0.85,396.9732
2020-05,11.39,1.36,402.3721
2020-06,12.62,1.13,406.9189
2020-07,11.76,0.58,409.279
2020-08,11.77,0.86,412.7988
2020-09,11.75,0.97,416.8029
2020-10,11.89,2.13,425.6808
2020-11,14.03,2.3,435.4715
2020-12,14.6,1.25,440.9149
2021-01,14.97,1.68,448.3223
2021-02,15.61,0.91,452.402
2021-03,16.19,1.08,457.2879
2021-04,17.14,1.68,464.9704
2021-05,16.59,0.89,469.1086
2021-06,17.53,1.94,478.2093
2021-07,18.95,1.8,486.8171
2021-08,19.25,1.12,492.2694
2021-09,19.58,1.25,498.4228
2021-10,19.89,2.39,510.3351
2021-11,21.31,3.51,528.2479
2021-12,36.08,13.58,599.9839
2022-01,48.69,11.1,666.5821
2022-02,54.44,4.81,698.6447
2022-03,61.14,5.46,736.7907
2022-04,69.97,7.25,790.2081
2022-05,73.5,2.98,813.7563
2022-06,78.62,4.95,854.0372
2022-07,79.6,2.37,874.2779
2022-08,80.21,1.46,887.0424
2022-09,83.45,3.08,914.3633
2022-10,85.51,3.54,946.7317
2022-11,84.39,2.88,973.9976
2022-12,64.27,1.18,985.4908
2023-01,57.68,6.65,1051.0259
2023-02,55.18,3.15,1084.1332
2023-03,50.51,2.29,1108.9599
2023-04,43.68,2.39,1135.464
2023-05,39.59,0.04,1135.9182
2023-06,38.21,3.92,1180.4462
2023-07,47.83,9.49,1292.4705
2023-08,58.94,9.09,1409.9561
2023-09,61.53,4.75,1476.929
2023-10,61.36,3.43,1527.5877
2023-11,61.98,3.28,1577.6926
2023-12,64.77,2.93,1623.9189
2024-01,64.86,6.7,1732.7215
2024-02,67.07,4.53,1811.2138
2024-03,68.5,3.16,1868.4482
2024-04,69.8,3.18,1927.8648
2024-05,75.45,3.37,1992.8339
2024-06,71.6,1.64,2025.5163
2024-07,61.78,3.23,2090.9405
2024-08,51.97,2.47,2142.5867
2024-09,49.38,2.97,2206.2216
2024-10,48.58,2.88,2269.7607
2024-11,47.09,2.24,2320.6034
2024-12,44.38,1.03,2344.5056
2025-01,42.12,5.03,2462.4342
2025-02,39.05,2.27,2518.3315
2025-03,38.1,2.46,2580.2824
2025-04,37.86,3.0,2657.6909
2025-05,35.41,1.53,2698.3536
2025-06,35.05,1.37,2735.321
2025-07,33.52,2.06,2791.6686
2025-08,32.95,2.04,2848.6187
2025-09,33.29,3.23,2940.6291
2025-10,32.87,2.55,3015.6151
2025-11,31.07,0.87,3041.851
2025-12,30.89,0.89,3068.9234
2026-01,30.65,4.84,3217.4593
2026-02,31.53,2.96,3312.6961
2026-03,30.87,1.94,3376.9624
2026-04,32.37,4.18,3518.1195
2026-05,32.61,1.71,3578.2793
2026-06,32.11,0.99,3613.7043
2026-07,31.75,1.78,3678.0282
2026-08,31.51,1.84,3745.7039
2026-09,29.73,1.84,3814.6249
