seri,kod,ay,deger
Borçla tüketim ihtimali,TP.TG2.Y13,2023-01-01,50.48
Borçla tüketim ihtimali,TP.TG2.Y13,2023-02-01,53.01
Borçla tüketim ihtimali,TP.TG2.Y13,2023-03-01,52.11
Borçla tüketim ihtimali,TP.TG2.Y13,2023-04-01,52.18
Borçla tüketim ihtimali,TP.TG2.Y13,2023-05-01,54.11
Borçla tüketim ihtimali,TP.TG2.Y13,2023-06-01,52.09
Borçla tüketim ihtimali,TP.TG2.Y13,2023-07-01,55.71
Borçla tüketim ihtimali,TP.TG2.Y13,2023-08-01,54.73
Borçla tüketim ihtimali,TP.TG2.Y13,2023-09-01,52.92
Borçla tüketim ihtimali,TP.TG2.Y13,2023-10-01,54.59
Borçla tüketim ihtimali,TP.TG2.Y13,2023-11-01,52.93
Borçla tüketim ihtimali,TP.TG2.Y13,2023-12-01,52.08
Borçla tüketim ihtimali,TP.TG2.Y13,2024-01-01,54.06689294
Borçla tüketim ihtimali,TP.TG2.Y13,2024-02-01,51.27811393
Borçla tüketim ihtimali,TP.TG2.Y13,2024-03-01,52.79822327
Borçla tüketim ihtimali,TP.TG2.Y13,2024-04-01,51.60260744
Borçla tüketim ihtimali,TP.TG2.Y13,2024-05-01,52.24860975
Borçla tüketim ihtimali,TP.TG2.Y13,2024-06-01,52.27028736
Borçla tüketim ihtimali,TP.TG2.Y13,2024-07-01,58.20074346
Borçla tüketim ihtimali,TP.TG2.Y13,2024-08-01,56.62920952
Borçla tüketim ihtimali,TP.TG2.Y13,2024-09-01,56.93201432
Borçla tüketim ihtimali,TP.TG2.Y13,2024-10-01,58.01212905
Borçla tüketim ihtimali,TP.TG2.Y13,2024-11-01,60.74439633
Borçla tüketim ihtimali,TP.TG2.Y13,2024-12-01,60.20128144
Borçla tüketim ihtimali,TP.TG2.Y13,2025-01-01,61.13481018
Borçla tüketim ihtimali,TP.TG2.Y13,2025-02-01,64.59058853
Borçla tüketim ihtimali,TP.TG2.Y13,2025-03-01,62.42762414
Borçla tüketim ihtimali,TP.TG2.Y13,2025-04-01,62.50540588
Borçla tüketim ihtimali,TP.TG2.Y13,2025-05-01,62.98305499
Borçla tüketim ihtimali,TP.TG2.Y13,2025-06-01,61.77593896
Borçla tüketim ihtimali,TP.TG2.Y13,2025-07-01,62.10015063
Borçla tüketim ihtimali,TP.TG2.Y13,2025-08-01,66.56642712
Borçla tüketim ihtimali,TP.TG2.Y13,2025-09-01,63.46206711
Borçla tüketim ihtimali,TP.TG2.Y13,2025-10-01,63.3362526
Borçla tüketim ihtimali,TP.TG2.Y13,2025-11-01,63.9052885
Borçla tüketim ihtimali,TP.TG2.Y13,2025-12-01,69.30924385
Borçla tüketim ihtimali,TP.TG2.Y13,2026-01-01,63.91373858
Borçla tüketim ihtimali,TP.TG2.Y13,2026-02-01,62.54443266
Borçla tüketim ihtimali,TP.TG2.Y13,2026-03-01,63.91088287
Borçla tüketim ihtimali,TP.TG2.Y13,2026-04-01,65.81834903
Borçla tüketim ihtimali,TP.TG2.Y13,2026-05-01,64.18545456
Borçla tüketim ihtimali,TP.TG2.Y13,2026-06-01,65.57113501
Borçla tüketim ihtimali,TP.TG2.Y13,2026-07-01,67.03533879
Borçla tüketim ihtimali,TP.TG2.Y13,2026-08-01,63.28012994
Borçla tüketim ihtimali,TP.TG2.Y13,2026-09-01,64.76344505
Dayanıklı mal almaya uygunluk,TP.TG2.Y08,2023-01-01,38.54
Dayanıklı mal almaya uygunluk,TP.TG2.Y08,2023-02-01,43.08
Dayanıklı mal almaya uygunluk,TP.TG2.Y08,2023-03-01,40.78
Dayanıklı mal almaya uygunluk,TP.TG2.Y08,2023-04-01,47.95
Dayanıklı mal almaya uygunluk,TP.TG2.Y08,2023-05-01,48.38
Dayanıklı mal almaya uygunluk,TP.TG2.Y08,2023-06-01,49.64
Dayanıklı mal almaya uygunluk,TP.TG2.Y08,2023-07-01,45.5
Dayanıklı mal almaya uygunluk,TP.TG2.Y08,2023-08-01,39.75
Dayanıklı mal almaya uygunluk,TP.TG2.Y08,2023-09-01,40.32
Dayanıklı mal almaya uygunluk,TP.TG2.Y08,2023-10-01,46.26
Dayanıklı mal almaya uygunluk,TP.TG2.Y08,2023-11-01,49.2
Dayanıklı mal almaya uygunluk,TP.TG2.Y08,2023-12-01,53.69
Dayanıklı mal almaya uygunluk,TP.TG2.Y08,2024-01-01,48.96304515
Dayanıklı mal almaya uygunluk,TP.TG2.Y08,2024-02-01,50.47166457
Dayanıklı mal almaya uygunluk,TP.TG2.Y08,2024-03-01,55.65775279
Dayanıklı mal almaya uygunluk,TP.TG2.Y08,2024-04-01,47.10815074
Dayanıklı mal almaya uygunluk,TP.TG2.Y08,2024-05-01,48.06504963
Dayanıklı mal almaya uygunluk,TP.TG2.Y08,2024-06-01,43.95437074
Dayanıklı mal almaya uygunluk,TP.TG2.Y08,2024-07-01,44.84226516
Dayanıklı mal almaya uygunluk,TP.TG2.Y08,2024-08-01,46.75397778
Dayanıklı mal almaya uygunluk,TP.TG2.Y08,2024-09-01,45.97075396
Dayanıklı mal almaya uygunluk,TP.TG2.Y08,2024-10-01,51.61692846
Dayanıklı mal almaya uygunluk,TP.TG2.Y08,2024-11-01,56.20768251
Dayanıklı mal almaya uygunluk,TP.TG2.Y08,2024-12-01,60.8100663
Dayanıklı mal almaya uygunluk,TP.TG2.Y08,2025-01-01,46.97670266
Dayanıklı mal almaya uygunluk,TP.TG2.Y08,2025-02-01,47.0626146
Dayanıklı mal almaya uygunluk,TP.TG2.Y08,2025-03-01,52.26267952
Dayanıklı mal almaya uygunluk,TP.TG2.Y08,2025-04-01,49.47646776
Dayanıklı mal almaya uygunluk,TP.TG2.Y08,2025-05-01,52.6427578
Dayanıklı mal almaya uygunluk,TP.TG2.Y08,2025-06-01,51.26980894
Dayanıklı mal almaya uygunluk,TP.TG2.Y08,2025-07-01,49.42611112
Dayanıklı mal almaya uygunluk,TP.TG2.Y08,2025-08-01,49.68841633
Dayanıklı mal almaya uygunluk,TP.TG2.Y08,2025-09-01,52.46331522
Dayanıklı mal almaya uygunluk,TP.TG2.Y08,2025-10-01,54.65987228
Dayanıklı mal almaya uygunluk,TP.TG2.Y08,2025-11-01,60.86060611
Dayanıklı mal almaya uygunluk,TP.TG2.Y08,2025-12-01,62.82571
Dayanıklı mal almaya uygunluk,TP.TG2.Y08,2026-01-01,49.98445172
Dayanıklı mal almaya uygunluk,TP.TG2.Y08,2026-02-01,53.77702923
Dayanıklı mal almaya uygunluk,TP.TG2.Y08,2026-03-01,55.29619271
Dayanıklı mal almaya uygunluk,TP.TG2.Y08,2026-04-01,55.26846318
Dayanıklı mal almaya uygunluk,TP.TG2.Y08,2026-05-01,55.55809722
Dayanıklı mal almaya uygunluk,TP.TG2.Y08,2026-06-01,58.69160407
Dayanıklı mal almaya uygunluk,TP.TG2.Y08,2026-07-01,61.56565525
Dayanıklı mal almaya uygunluk,TP.TG2.Y08,2026-08-01,59.2502025
Dayanıklı mal almaya uygunluk,TP.TG2.Y08,2026-09-01,61.25232316
Dayanıklı mal harcama beklentisi,TP.TG2.Y09,2023-01-01,92.23
Dayanıklı mal harcama beklentisi,TP.TG2.Y09,2023-02-01,94.5
Dayanıklı mal harcama beklentisi,TP.TG2.Y09,2023-03-01,91.96
Dayanıklı mal harcama beklentisi,TP.TG2.Y09,2023-04-01,96.08
Dayanıklı mal harcama beklentisi,TP.TG2.Y09,2023-05-01,99.08
Dayanıklı mal harcama beklentisi,TP.TG2.Y09,2023-06-01,92.99
Dayanıklı mal harcama beklentisi,TP.TG2.Y09,2023-07-01,94.41
Dayanıklı mal harcama beklentisi,TP.TG2.Y09,2023-08-01,89.03
Dayanıklı mal harcama beklentisi,TP.TG2.Y09,2023-09-01,92.74
Dayanıklı mal harcama beklentisi,TP.TG2.Y09,2023-10-01,93.24
Dayanıklı mal harcama beklentisi,TP.TG2.Y09,2023-11-01,92.64
Dayanıklı mal harcama beklentisi,TP.TG2.Y09,2023-12-01,94.46
Dayanıklı mal harcama beklentisi,TP.TG2.Y09,2024-01-01,97.86715229
Dayanıklı mal harcama beklentisi,TP.TG2.Y09,2024-02-01,97.52534204
Dayanıklı mal harcama beklentisi,TP.TG2.Y09,2024-03-01,97.02525111
Dayanıklı mal harcama beklentisi,TP.TG2.Y09,2024-04-01,95.83439421
Dayanıklı mal harcama beklentisi,TP.TG2.Y09,2024-05-01,95.59403166
Dayanıklı mal harcama beklentisi,TP.TG2.Y09,2024-06-01,94.04986077
Dayanıklı mal harcama beklentisi,TP.TG2.Y09,2024-07-01,96.49801102
Dayanıklı mal harcama beklentisi,TP.TG2.Y09,2024-08-01,94.26909605
Dayanıklı mal harcama beklentisi,TP.TG2.Y09,2024-09-01,96.16783364
Dayanıklı mal harcama beklentisi,TP.TG2.Y09,2024-10-01,100.10306088
Dayanıklı mal harcama beklentisi,TP.TG2.Y09,2024-11-01,98.55703597
Dayanıklı mal harcama beklentisi,TP.TG2.Y09,2024-12-01,102.61391959
Dayanıklı mal harcama beklentisi,TP.TG2.Y09,2025-01-01,99.38862473
Dayanıklı mal harcama beklentisi,TP.TG2.Y09,2025-02-01,100.34203382
Dayanıklı mal harcama beklentisi,TP.TG2.Y09,2025-03-01,103.15545468
Dayanıklı mal harcama beklentisi,TP.TG2.Y09,2025-04-01,99.27397013
Dayanıklı mal harcama beklentisi,TP.TG2.Y09,2025-05-01,102.50495846
Dayanıklı mal harcama beklentisi,TP.TG2.Y09,2025-06-01,102.63711342
Dayanıklı mal harcama beklentisi,TP.TG2.Y09,2025-07-01,102.28054099
Dayanıklı mal harcama beklentisi,TP.TG2.Y09,2025-08-01,104.78642104
Dayanıklı mal harcama beklentisi,TP.TG2.Y09,2025-09-01,105.74024461
Dayanıklı mal harcama beklentisi,TP.TG2.Y09,2025-10-01,104.0445264
Dayanıklı mal harcama beklentisi,TP.TG2.Y09,2025-11-01,105.03143918
Dayanıklı mal harcama beklentisi,TP.TG2.Y09,2025-12-01,102.62203041
Dayanıklı mal harcama beklentisi,TP.TG2.Y09,2026-01-01,101.90002635
Dayanıklı mal harcama beklentisi,TP.TG2.Y09,2026-02-01,103.23996577
Dayanıklı mal harcama beklentisi,TP.TG2.Y09,2026-03-01,102.68026457
Dayanıklı mal harcama beklentisi,TP.TG2.Y09,2026-04-01,104.43823532
Dayanıklı mal harcama beklentisi,TP.TG2.Y09,2026-05-01,104.48218577
Dayanıklı mal harcama beklentisi,TP.TG2.Y09,2026-06-01,105.91429851
Dayanıklı mal harcama beklentisi,TP.TG2.Y09,2026-07-01,105.09279393
Dayanıklı mal harcama beklentisi,TP.TG2.Y09,2026-08-01,105.08924611
Dayanıklı mal harcama beklentisi,TP.TG2.Y09,2026-09-01,108.83386277
Fiyat artış beklentisi,TP.TG2.Y15,2023-01-01,67.36
Fiyat artış beklentisi,TP.TG2.Y15,2023-02-01,68.35
Fiyat artış beklentisi,TP.TG2.Y15,2023-03-01,66.77
Fiyat artış beklentisi,TP.TG2.Y15,2023-04-01,72.11
Fiyat artış beklentisi,TP.TG2.Y15,2023-05-01,77.08
Fiyat artış beklentisi,TP.TG2.Y15,2023-06-01,70.38
Fiyat artış beklentisi,TP.TG2.Y15,2023-07-01,63.65
Fiyat artış beklentisi,TP.TG2.Y15,2023-08-01,55.03
Fiyat artış beklentisi,TP.TG2.Y15,2023-09-01,57.69
Fiyat artış beklentisi,TP.TG2.Y15,2023-10-01,59.97
Fiyat artış beklentisi,TP.TG2.Y15,2023-11-01,58.82
Fiyat artış beklentisi,TP.TG2.Y15,2023-12-01,56.7
Fiyat artış beklentisi,TP.TG2.Y15,2024-01-01,53.99512523
Fiyat artış beklentisi,TP.TG2.Y15,2024-02-01,54.59668126
Fiyat artış beklentisi,TP.TG2.Y15,2024-03-01,53.54097682
Fiyat artış beklentisi,TP.TG2.Y15,2024-04-01,56.23409671
Fiyat artış beklentisi,TP.TG2.Y15,2024-05-01,60.69531108
Fiyat artış beklentisi,TP.TG2.Y15,2024-06-01,61.9512565
Fiyat artış beklentisi,TP.TG2.Y15,2024-07-01,55.89280914
Fiyat artış beklentisi,TP.TG2.Y15,2024-08-01,56.51895617
Fiyat artış beklentisi,TP.TG2.Y15,2024-09-01,57.62740988
Fiyat artış beklentisi,TP.TG2.Y15,2024-10-01,56.78783458
Fiyat artış beklentisi,TP.TG2.Y15,2024-11-01,52.88049843
Fiyat artış beklentisi,TP.TG2.Y15,2024-12-01,53.12444403
Fiyat artış beklentisi,TP.TG2.Y15,2025-01-01,57.84363722
Fiyat artış beklentisi,TP.TG2.Y15,2025-02-01,56.09240164
Fiyat artış beklentisi,TP.TG2.Y15,2025-03-01,59.56417438
Fiyat artış beklentisi,TP.TG2.Y15,2025-04-01,55.98752669
Fiyat artış beklentisi,TP.TG2.Y15,2025-05-01,55.84116782
Fiyat artış beklentisi,TP.TG2.Y15,2025-06-01,59.37991658
Fiyat artış beklentisi,TP.TG2.Y15,2025-07-01,54.19911474
Fiyat artış beklentisi,TP.TG2.Y15,2025-08-01,55.21986053
Fiyat artış beklentisi,TP.TG2.Y15,2025-09-01,55.70941307
Fiyat artış beklentisi,TP.TG2.Y15,2025-10-01,54.10706394
Fiyat artış beklentisi,TP.TG2.Y15,2025-11-01,50.7512756
Fiyat artış beklentisi,TP.TG2.Y15,2025-12-01,50.42371066
Fiyat artış beklentisi,TP.TG2.Y15,2026-01-01,53.9560476
Fiyat artış beklentisi,TP.TG2.Y15,2026-02-01,52.20754289
Fiyat artış beklentisi,TP.TG2.Y15,2026-03-01,49.83330983
Fiyat artış beklentisi,TP.TG2.Y15,2026-04-01,48.28698024
Fiyat artış beklentisi,TP.TG2.Y15,2026-05-01,52.70251983
Fiyat artış beklentisi,TP.TG2.Y15,2026-06-01,52.97926514
Fiyat artış beklentisi,TP.TG2.Y15,2026-07-01,57.23318742
Fiyat artış beklentisi,TP.TG2.Y15,2026-08-01,53.90140284
Fiyat artış beklentisi,TP.TG2.Y15,2026-09-01,53.67708514
Tüketici güven endeksi,TP.TG2.Y01,2023-01-01,79.1
Tüketici güven endeksi,TP.TG2.Y01,2023-02-01,82.5
Tüketici güven endeksi,TP.TG2.Y01,2023-03-01,80.13
Tüketici güven endeksi,TP.TG2.Y01,2023-04-01,87.52
Tüketici güven endeksi,TP.TG2.Y01,2023-05-01,91.06
Tüketici güven endeksi,TP.TG2.Y01,2023-06-01,85.13
Tüketici güven endeksi,TP.TG2.Y01,2023-07-01,80.07
Tüketici güven endeksi,TP.TG2.Y01,2023-08-01,68.01
Tüketici güven endeksi,TP.TG2.Y01,2023-09-01,71.47
Tüketici güven endeksi,TP.TG2.Y01,2023-10-01,74.62
Tüketici güven endeksi,TP.TG2.Y01,2023-11-01,75.47
Tüketici güven endeksi,TP.TG2.Y01,2023-12-01,77.42
Tüketici güven endeksi,TP.TG2.Y01,2024-01-01,80.42310949
Tüketici güven endeksi,TP.TG2.Y01,2024-02-01,79.34287272
Tüketici güven endeksi,TP.TG2.Y01,2024-03-01,79.35478993
Tüketici güven endeksi,TP.TG2.Y01,2024-04-01,80.46085072
Tüketici güven endeksi,TP.TG2.Y01,2024-05-01,80.50803678
Tüketici güven endeksi,TP.TG2.Y01,2024-06-01,78.30087847
Tüketici güven endeksi,TP.TG2.Y01,2024-07-01,75.87954525
Tüketici güven endeksi,TP.TG2.Y01,2024-08-01,76.36547339
Tüketici güven endeksi,TP.TG2.Y01,2024-09-01,78.22093197
Tüketici güven endeksi,TP.TG2.Y01,2024-10-01,80.55364561
Tüketici güven endeksi,TP.TG2.Y01,2024-11-01,79.77236914
Tüketici güven endeksi,TP.TG2.Y01,2024-12-01,81.27129334
Tüketici güven endeksi,TP.TG2.Y01,2025-01-01,80.96201449
Tüketici güven endeksi,TP.TG2.Y01,2025-02-01,82.07125469
Tüketici güven endeksi,TP.TG2.Y01,2025-03-01,85.85941588
Tüketici güven endeksi,TP.TG2.Y01,2025-04-01,83.86290602
Tüketici güven endeksi,TP.TG2.Y01,2025-05-01,84.79218744
Tüketici güven endeksi,TP.TG2.Y01,2025-06-01,85.06417614
Tüketici güven endeksi,TP.TG2.Y01,2025-07-01,83.51878976
Tüketici güven endeksi,TP.TG2.Y01,2025-08-01,84.2505225
Tüketici güven endeksi,TP.TG2.Y01,2025-09-01,83.87427161
Tüketici güven endeksi,TP.TG2.Y01,2025-10-01,83.62820392
Tüketici güven endeksi,TP.TG2.Y01,2025-11-01,84.98021374
Tüketici güven endeksi,TP.TG2.Y01,2025-12-01,83.48995007
Tüketici güven endeksi,TP.TG2.Y01,2026-01-01,83.72307474
Tüketici güven endeksi,TP.TG2.Y01,2026-02-01,85.68983532
Tüketici güven endeksi,TP.TG2.Y01,2026-03-01,85.04365043
Tüketici güven endeksi,TP.TG2.Y01,2026-04-01,85.50276007
Tüketici güven endeksi,TP.TG2.Y01,2026-05-01,85.7554237
Tüketici güven endeksi,TP.TG2.Y01,2026-06-01,87.93244877
Tüketici güven endeksi,TP.TG2.Y01,2026-07-01,89.82971678
Tüketici güven endeksi,TP.TG2.Y01,2026-08-01,90.76532875
Tüketici güven endeksi,TP.TG2.Y01,2026-09-01,91.92256544
